building_class,renovation_action,hwb_norm,fed_sh_per_bssh,number_of_buildings,share_M1: Flow Limiter,cost_M1: Flow Limiter,share_M2: Heat Exchanger,cost_M2: Heat Exchanger,share_M3: Hydraulic Balancing,cost_M3: Hydraulic Balancing,share_M7: Pump + Flow Limiter,cost_M7: Pump + Flow Limiter,share_M8: Pump + Flow + Hydr. Bal.,cost_M8: Pump + Flow + Hydr. Bal.,share_M9: Hydr. Bal. + Heat Exch.,cost_M9: Hydr. Bal. + Heat Exch.,share_Baseline (Do Nothing),cost_Baseline (Do Nothing)
1919_TOP 12,maintenance,113.18057250976562,122895.3671875,4.251235961914063,0.1834058337866427,11434.223592820277,0.06936802286160097,14349.645534064139,0.1602733301274846,11838.490974562472,0.19793205515011747,11205.666331832128,0.1769855790754493,11541.07147075513,0.07414470876086912,14149.963572996538,0.13789047023783593,12289.536718750001
1919_TOP 12,no action,113.18058776855467,120258.65625,37.11466598510742,0.184735425633917,11191.11725943994,0.0685594128898078,14104.430624405219,0.16053414652670642,11603.820795396436,0.19824443096750338,10983.686545330023,0.17597218308238605,11333.954154470615,0.07289371932242159,13924.25815818657,0.13906068157725782,12025.865625
1919_TOP 12,renovation 1,16.48471450805664,18542.203125,1.956208109855652,0.37058255012917807,1944.509923502439,0.0015878684495653332,4756.053702530218,0.08209751004979067,2721.6447360214347,0.09099134552017556,2668.6091742982762,0.012819306655376306,3679.1385976452184,0.0004191681791212199,5442.80296068657,0.4415022510167929,1854.2203125
1919_TOP 12,renovation 2,68.98522186279297,79494.6015625,2.258261442184448,0.22520684832187846,7886.77239420762,0.06220898941571545,10657.968314876436,0.159843419979484,8625.225175509568,0.1732484739846469,8451.756970190703,0.11304610309051848,9371.377279699667,0.047698972623231035,11230.055095904052,0.2187471925845258,7949.46015625
1919_TOP 12,renovation stand,28.70207023620605,35207.984375,1.3105548620224,0.30191820177286044,3599.422001627439,0.01769917856120867,6405.9660462802185,0.1402206465224404,4358.2244547714345,0.14952756212008908,4294.642716130287,0.05471707716819664,5289.282331110828,0.009027651857507615,7072.049735686571,0.3268896819976972,3520.7984375
1919_TOP 24,maintenance,113.1651382446289,251427.578125,4.267086505889893,0.1783284151041197,23779.813518419054,0.09081608870973236,27989.776577690187,0.15186288997847727,24782.08846663036,0.1851066829714742,23547.067855726982,0.1605788683671401,24433.912220748804,0.08997435670387953,28047.871861331085,0.14333269816517685,25142.7578125
1919_TOP 24,no action,113.1651611328125,247478.4375,37.12547302246094,0.17914490577078815,23408.98529833573,0.09034079695855347,27617.764790038105,0.15195100985249413,24421.12996579287,0.18533391128750504,23200.182708246433,0.15997982029490937,24104.585739594375,0.08916296383543913,27698.444068039425,0.14408659200031076,24747.84375
1919_TOP 24,renovation 1,16.46768569946289,37028.140625,1.926838040351868,0.3657873723719992,3855.060009273226,0.006785707118672021,7982.190341600606,0.07704412294311666,5467.386700167869,0.10900867261530753,5108.1609247973565,0.01598968951555622,7094.991512835112,0.0016370422000485164,9454.007709289426,0.4237473932352998,3702.8140625
1919_TOP 24,renovation 2,69.11554718017578,140037.71875,2.2634289264678955,0.2244114061730587,13958.796644791715,0.07714944054815899,18042.907155660403,0.14834844948753145,15542.036452457553,0.17002673526759088,15020.33556791977,0.10391038741869055,16903.876341664793,0.054365392080926736,19381.72627486901,0.22178818902404263,14003.771875
1919_TOP 24,renovation stand,28.6601676940918,70393.6796875,1.307767629623413,0.2897762282668767,7174.931145991976,0.03661780713341903,11295.388370506857,0.13006770987190144,8770.575067355368,0.1572091854989613,8393.060033535783,0.058460522019158835,10363.529149825852,0.017684704753508876,12745.184482414425,0.3101838424561737,7039.367968750001
1919_TOP 6,maintenance,131.23541259765625,79371.3125,4.873941898345947,0.1966164428929555,7246.68727818994,0.05330208575838089,9747.672341333264,0.16147820661933662,7623.928793242862,0.2149542601545473,7075.831983808477,0.18005061882063414,7415.332197861853,0.05647132933577439,9637.005690034817,0.13712705641837122,7937.13125
1919_TOP 6,no action,131.2353973388672,80596.328125,35.87250518798828,0.19542232130362192,7356.93868443994,0.05398197251393348,9856.576230395765,0.16115900386214965,7731.485165117862,0.21485665300478066,7172.730719745978,0.18104675806045345,7505.395346611853,0.057418234818586135,9736.672961284818,0.13611505643647476,8059.6328125
1919_TOP 6,renovation 1,18.655357360839844,12092.4482421875,2.046109914779663,0.38084066134554734,1289.5383257485328,0.00016570878490841862,3871.785608520763,0.07663168004022781,1824.4673007623928,0.052500185974679675,1950.6432852190676,0.0053533993089558765,2712.3439004746983,4.153075831267511e-05,4333.458965269193,0.48446683378736827,1209.24482421875
1919_TOP 6,renovation 2,73.87163543701172,43810.45703125,2.675330638885498,0.2581073231159997,4347.5393927540335,0.030636507154443576,6895.572609919778,0.17478724249393854,4813.589740513935,0.16693150114619032,4868.570306824498,0.09560841189970012,5534.902942216526,0.02295467633817654,7240.70599084589,0.2509743378515512,4381.045703125
1919_TOP 6,renovation stand,32.02684783935547,22290.630859375,1.4369940757751465,0.32998564031104577,2289.980040494627,0.005243205483019791,4867.128231958263,0.14291257259945156,2810.6315598444244,0.11928001218458702,2923.096654337992,0.036063413378941214,3667.3470460042126,0.002586521893729084,5306.773514253568,0.3639286341492256,2229.0630859375
1960_TOP 24,maintenance,108.75586700439452,239414.28125,6.120285511016846,0.1908046857649946,23370.002627438444,0.10065748723200019,27360.89039197251,0.1474884823237807,24976.900966302757,0.17099968386763506,24053.876790163315,0.13101485592632445,25716.007180535787,0.08492585700906694,28421.41072499486,0.1741089478761981,23941.428125000002
1960_TOP 24,no action,108.755859375,235234.328125,38.198692321777344,0.19170688324765223,22964.96641239823,0.10001896392804022,26958.361775975605,0.14754037938628878,24572.283740792867,0.17119792854517604,23659.457789074804,0.13045770410607402,25327.575386757075,0.08404388855449181,28026.491239289426,0.17503425223227684,23523.432812500003
1960_TOP 24,renovation 1,16.534523010253906,37193.99609375,1.619568943977356,0.3653159060563715,3871.562628413851,0.0069046483432838425,7998.659789647481,0.07751318255399701,5483.806391574119,0.10950417540428693,5124.489702835552,0.016208376692938155,7111.238960265668,0.0016770193409940144,9470.367692726926,0.4228766916081287,3719.399609375
1960_TOP 24,renovation 2,57.50587844848633,137578.375,1.5826146602630615,0.22545478367624128,13779.486375194296,0.07621476482057045,17874.14943689415,0.1485767606584849,15353.895172653965,0.16839755370344667,14881.117688235456,0.10157892400482425,16789.549639074467,0.053025913905943654,19243.767701013137,0.22675129923048878,13757.837500000001
1960_TOP 24,renovation stand,28.942951202392575,68704.8671875,0.7344071269035339,0.2925970263652936,7006.894302241976,0.035158266040632984,11127.689289256856,0.12875003503352653,8603.382629855369,0.15625936315812095,8226.793315480229,0.05670513552743731,10198.090575381408,0.016673040660475088,12578.600017414425,0.3138571332145135,6870.48671875
1960_TOP 6,maintenance,121.1550064086914,76822.40625,6.369903564453125,0.2048762112235618,7370.66851698039,0.059095000153694274,9828.363968134743,0.17413410118151262,7692.059747298017,0.18356393520784262,7587.807755179412,0.14659653092919414,8032.351953202724,0.056733019874332845,9908.998129720127,0.17500120142986164,7682.240625
1960_TOP 6,no action,121.15499877929688,76822.40625,37.92272567749024,0.2048762139856691,7370.6687844399385,0.0590950049889946,9828.364200708265,0.17413410878090732,7692.059968242862,0.18356391318898252,7587.808295266812,0.14659650959133871,8032.352562028518,0.05673302087291098,9908.998492534818,0.17500122859119674,7682.240625
1960_TOP 6,renovation 1,18.641759872436523,12759.619140625,1.614448308944702,0.37819323215512574,1354.9877908852516,0.000250510105684893,3936.9014882082633,0.08322459074100455,1888.982726641299,0.05834536842793182,2014.2617368900746,0.006754534452048594,2774.820748608379,6.79486451036167e-05,4397.1337558160685,0.4731638154731008,1275.9619140625
1960_TOP 6,renovation 2,61.9052963256836,43231.96875,1.5962865352630615,0.2599817743944941,4316.420442283537,0.03012874827723682,6873.53058927681,0.17368908701484573,4794.997587886392,0.16381748432510762,4864.425632843592,0.09181281681629588,5551.422777804766,0.022068884425965385,7242.9079491044795,0.2585012047460544,4323.196875000001
1960_TOP 6,renovation stand,32.336631774902344,23694.0625,0.7567352056503296,0.3234953289534638,2427.656684439939,0.006574447259329701,5004.103160083263,0.14765056068212645,2946.343399492861,0.12491538728785179,3056.9216581140327,0.040684360486275155,3798.7706223062955,0.003397233242637578,5440.717030034819,0.35328268208831565,2369.40625
1960_TOP12,maintenance,108.9212417602539,117259.1328125,6.0921711921691895,0.19983620689951329,11336.69256437334,0.08241179477092155,14036.540627653168,0.1550174276487603,12110.770713555585,0.17792356719121535,11690.702459909675,0.13710234799513354,12485.098226911654,0.07182863684080121,14455.477501562249,0.1758800186536548,11725.913281250001
1960_TOP12,no action,108.92122650146484,113875.71875,38.198692321777344,0.2016172018130515,11012.563009439938,0.08102953332761019,13715.79373065522,0.15526217627467373,11787.319101646435,0.17823107701219854,11378.18047747288,0.1360370131675318,12179.324195184901,0.07015546425295154,14143.123538186572,0.17766753415198275,11387.571875000001
1960_TOP12,renovation 1,16.546293258666992,18618.203125,1.653163194656372,0.3702231078449364,1952.0567235024391,0.0016234523358268165,4763.577702530219,0.08255631536063543,2729.107936021435,0.09146850648003117,2676.0242811765834,0.012995735216868204,3686.481243147864,0.0004310638988455286,5450.23272068657,0.4407018188628566,1861.8203125
1960_TOP12,renovation 2,57.43245315551758,67407.3828125,1.5787131786346436,0.23794550339830162,6744.474686612833,0.05278870422162156,9530.889395762691,0.1597899635498886,7481.318607724869,0.17075375169361814,7358.513747181372,0.10228174694668518,8306.890572064443,0.03801390382242654,10138.499831385298,0.23842642636745848,6740.73828125
1960_TOP12,renovation stand,28.98121452331543,35233.41015625,0.7328566312789917,0.30183703957010544,3601.9467817055643,0.01773060813250875,6408.48319862397,0.1402640773061638,4360.7212664901845,0.14956940935118837,4297.12343830704,0.05477322566232292,5291.738811352228,0.009048340595861652,7074.535360061571,0.3267772993818491,3523.341015625
2001_TOP 12,maintenance,42.75035858154297,50965.0703125,1.8308080434799197,0.2568705095048824,5164.10063522119,0.0420630744847131,7737.104621020764,0.15249804603616382,5905.570293833935,0.16774280650251552,5770.080157527062,0.08496843415526124,6737.269393570114,0.026481810288545182,8395.090170518213,0.2693753190279187,5096.50703125
2001_TOP 12,no action,42.75036239624024,49676.84765625,46.86502456665039,0.25935386943469774,5036.180125455564,0.04057918378422299,7609.570578052013,0.1518221257463798,5779.066828990184,0.16729944944654881,5644.391885432981,0.08324062940097741,6612.809363394849,0.02522455691593994,8269.153523643214,0.2724801852712333,4967.684765625
2001_TOP 12,renovation 1,16.208078384399414,18003.482421875,0.7700589895248413,0.3675843502463936,1891.0149576821266,0.002132009895758072,4473.907419848889,0.07796693164868958,2668.7423629745595,0.09798780694641192,2554.1104590048235,0.013379947782466147,3552.7265635023223,0.0005292209074916423,5172.765338330713,0.4404197325727891,1800.3482421875
2001_TOP 12,renovation 2,33.13727188110352,40123.265625,0.3866469860076904,0.281297812702319,4087.509429752439,0.02860361142576099,6663.765956958263,0.14416164219348648,4840.905073521435,0.1615906810928075,4712.2756771120485,0.0678785028916498,5689.801914238103,0.015764835956091062,7335.195344268213,0.30070291373788516,4012.3265625000004
2001_TOP 12,renovation stand,28.612594604492188,34395.984375,0.1474639922380447,0.29822711253599304,3518.790401627439,0.02080535113597744,6096.765113208263,0.13607529912927457,4278.486054771434,0.1548286761595126,4153.4809061795095,0.056095037648192174,5136.4677574920715,0.01032319686726694,6775.2963292682125,0.32364532652378325,3439.5984375000003
2001_TOP 24,maintenance,42.66532897949219,103533.6484375,1.831589937210083,0.23566626632553572,10441.458604953847,0.0763201500751456,13682.97832104519,0.1346163176189953,12051.43197360537,0.17422838513005448,11309.85562487691,0.09044854427993157,13194.674111300254,0.04572121241339351,15156.062500894594,0.2429991241569438,10353.364843750001
2001_TOP 24,no action,42.66532897949219,100916.7265625,46.86502456665039,0.23786326021184695,10181.074878391346,0.07491197478141776,13423.11797885769,0.13395124003749803,11792.356707980369,0.17438120127971582,11052.21482013154,0.08903991248623275,12938.316567503958,0.044288642474410875,14897.929327144593,0.24556376872887803,10091.67265625
2001_TOP 24,renovation 1,16.20090675354004,35976.30859375,0.7633559703826904,0.3538313597672236,3719.5032905007197,0.014054462196518392,6974.5344745608145,0.069393217864148,5363.255329074119,0.13949439810260045,4658.710411074826,0.02084791979580473,6576.657015258587,0.003123204494161792,8492.206498707093,0.399255437779543,3597.630859375
2001_TOP 24,renovation 2,33.112239837646484,80659.1953125,0.3874809741973877,0.2588864011931204,8165.4505190163445,0.06178424338450517,11411.54512573269,0.1265631338299375,9786.861114230369,0.1746037994727776,9057.82335462228,0.07561533513143544,10953.85879509655,0.03203420322451843,12899.726444644595,0.2705128837637054,8065.919531250001
2001_TOP 24,renovation stand,28.582111358642575,68832.6015625,0.152550995349884,0.2756853366136087,6988.704440891344,0.051816516240165256,10237.16436635769,0.11932996879447243,8616.028332980368,0.17306992108257466,7893.473298835243,0.06504463299021995,9795.30815046692,0.023996861495776303,11733.151237144593,0.29105676278318265,6883.26015625
2001_TOP 6,maintenance,48.50773239135742,34266.5625,1.9395570755004885,0.28282469431522683,3424.9749304532693,0.023478169042734115,5783.080655108997,0.15932924612155366,3968.7041494928617,0.16059540671703215,3961.204270430193,0.07647958708683539,4664.123462670968,0.014969622124364703,6209.502850309265,0.28232327459225304,3426.65625
2001_TOP 6,no action,48.50773239135742,34266.5625,46.76180267333984,0.28282469431522683,3424.9749304532693,0.023478169042734115,5783.080655108997,0.15932924612155366,3968.7041494928617,0.16059540671703215,3961.204270430193,0.07647958708683539,4664.123462670968,0.014969622124364703,6209.502850309265,0.28232327459225304,3426.65625
2001_TOP 6,renovation 1,15.44621467590332,10227.8134765625,0.6853950023651123,0.4135301751401968,1066.773651254051,7.953327024514322e-05,3436.898750421497,0.05143595802902636,1644.1571189264553,0.04702783539223309,1668.9760024397415,0.003204837961609607,2413.0281652317326,1.4144342464965534e-05,3915.2446435123907,0.48470751586422395,1022.7813476562501
2001_TOP 6,renovation 2,36.24015045166016,26303.330078125,0.4133680164813995,0.31376641264792277,2643.7818298673324,0.012344026546033839,5005.869170733997,0.14673133648457812,3198.6595742975496,0.1460883401363987,3201.8658188242903,0.05474694236888321,3918.4109865424966,0.006722893059895151,5449.491947965516,0.3196000487562882,2630.3330078125
2001_TOP 6,renovation stand,30.882095336914062,22376.3203125,0.199874997138977,0.3335582897488059,2258.5421718595194,0.007417265562798057,4622.593017608997,0.1353197059732724,2818.9177299616113,0.1334835565442776,2827.4036209510264,0.04166065646017618,3550.6683387126354,0.003582078293795163,5074.698135934265,0.3449784474168746,2237.63203125
