year,tariff,kind,level,expected_dRT_K
2030,none,none,0.0,1.0935997481221804
2030,stepped 5%,stepped,0.05,1.1851705329910147
2030,stepped 10%,stepped,0.1,1.283092867956294
2030,stepped 15%,stepped,0.15,1.387606245182477
2030,stepped 20%,stepped,0.2,1.49895323899769
2030,linear 0.0002 EUR/(kWh*K),linear,0.0002,1.1105750991509602
2030,linear 0.0004 EUR/(kWh*K),linear,0.0004,1.1276953811443113
2030,linear 0.0006 EUR/(kWh*K),linear,0.0006,1.1449609875600553
2030,linear 0.0008 EUR/(kWh*K),linear,0.0008,1.1623723409649855
2030,linear 0.0010 EUR/(kWh*K),linear,0.001,1.1799298922209303
2040,none,none,0.0,0.9888610821314028
2040,stepped 5%,stepped,0.05,1.070768446672087
2040,stepped 10%,stepped,0.1,1.158656739070827
2040,stepped 15%,stepped,0.15,1.2527422570825362
2040,stepped 20%,stepped,0.2,1.3532561848087168
2040,linear 0.0002 EUR/(kWh*K),linear,0.0002,1.0042251142513636
2040,linear 0.0004 EUR/(kWh*K),linear,0.0004,1.0197236942503438
2040,linear 0.0006 EUR/(kWh*K),linear,0.0006,1.0353571270355755
2040,linear 0.0008 EUR/(kWh*K),linear,0.0008,1.0511257140015873
2040,linear 0.0010 EUR/(kWh*K),linear,0.001,1.0670298038353792
