building_class,renovation_action,hwb_norm,fed_sh_per_bssh,number_of_buildings,share_M1: Flow Limiter,cost_M1: Flow Limiter,share_M2: Heat Exchanger,cost_M2: Heat Exchanger,share_M3: Hydraulic Balancing,cost_M3: Hydraulic Balancing,share_M4: Pump Downsizing,cost_M4: Pump Downsizing,share_M5: Buffer Storage,cost_M5: Buffer Storage,share_M6: User Behavior,cost_M6: User Behavior,share_M7: Pump + Flow Limiter,cost_M7: Pump + Flow Limiter,share_M8: Pump + Flow + Hydr. Bal.,cost_M8: Pump + Flow + Hydr. Bal.,share_M9: Hydr. Bal. + Heat Exch.,cost_M9: Hydr. Bal. + Heat Exch.,share_Baseline (Do Nothing),cost_Baseline (Do Nothing)
1919_TOP 12,maintenance,113.18058013916016,121920.765625,8.756226539611816,0.12808444170454275,11289.957647307909,0.047533680247470504,14233.381882373797,0.11182989234707137,11692.937829827051,0.09437016080590772,12197.005748797792,0.08336737215859436,12565.116439889362,0.12978100884546034,11250.884060678447,0.13562234769003018,11120.154065082857,0.1234329285345302,11399.80128557234,0.05183854566724932,13975.948076884908,0.09413962199914343,12204.2686390625
1919_TOP 12,no action,113.18058776855467,120445.109375,22.811962127685547,0.1284968529141677,11154.559848396564,0.04717269203303862,14096.45561194178,0.11183359939431342,11562.314811661121,0.09443386737240994,12058.788237171073,0.08357503055505514,12417.406200576861,0.1301353422690104,11117.362008299448,0.1356294640519863,10995.963439570487,0.12292634679255947,11284.670022901668,0.05129108841673877,13850.72686586007,0.09450571620072025,12056.5554484375
1919_TOP 12,renovation 1,16.40057373046875,18214.654296875,3.398287057876587,0.21592545592685594,1910.2117840013805,0.000875169355389039,4722.183767925531,0.04787030526735977,2679.2481969223877,0.058867225952180566,2573.682366658865,0.12621025078540987,2184.3421081667047,0.23489425579997023,1867.2265667490085,0.051797672815130015,2638.995358728089,0.007318852501796609,3637.988408970067,0.00023317233317116044,5397.39118942652,0.25600763926273684,1823.2868951171877
1919_TOP 12,renovation 2,68.98522186279297,78118.734375,4.701411247253418,0.14038363436377793,7735.707241226213,0.036310032780201194,10513.624541989779,0.09915961269518765,8449.859838157026,0.09944685551880286,8443.917775418773,0.11304612162595884,8180.620715826862,0.17460863354700418,7287.5375083434465,0.10533580939230068,8325.737267325645,0.0688438489400262,9199.431228633579,0.028105028248255653,11039.808996438744,0.13476042288848492,7819.685310937501
1919_TOP 12,renovation stand,28.474313735961918,33155.95703125,2.7951860427856445,0.17749070452705007,3392.429147590525,0.008070854044542431,6200.189387452094,0.0781106093098086,4138.091535926903,0.08633020148544662,4047.196182344392,0.12933974868854184,3679.9366292721734,0.21478596506517508,3219.162972202321,0.08157208718245541,4098.699296113838,0.027888631330516646,5073.727374428591,0.003959837329553899,6847.068768339071,0.19245136103690946,3318.9112988281254
1919_TOP 24,maintenance,113.16516876220705,239758.15625,9.522661209106444,0.1250602791247491,22501.693232898542,0.060462483981836485,26797.463196814857,0.10456801748481437,23559.46932371637,0.09443480938440935,24161.93991064395,0.08852040955911149,24544.226963709843,0.13346767660963116,22117.119519097392,0.12558606387661117,22476.89506416977,0.10982453581835794,23269.5695389826,0.06073845130467526,26770.54631182533,0.09733727285580367,23983.0083696875
1919_TOP 24,no action,113.1651382446289,242657.96875,21.233057022094727,0.12471015662253362,22771.780058259166,0.06076877927496485,27069.500105484356,0.10460679637330131,23822.62508103537,0.0943728205931354,24438.0981604302,0.08832108247384267,24834.28940845984,0.13317211446171773,22379.32024056839,0.12556260170840183,22731.05662402831,0.11023999924210204,23509.068481171205,0.061231419121946046,27024.160841593926,0.09701423012805463,24273.076614062502
1919_TOP 24,renovation 1,16.30033302307129,35105.05859375,3.532336950302124,0.21307021570430865,3655.4001182382653,0.00318312606770162,7784.256431260762,0.041951082018087664,5251.5616452124,0.06575847822437932,4810.0860819965665,0.13924791251925125,4073.186911350464,0.22260355907126694,3612.409350166204,0.05880029783624098,4919.93499877762,0.007980481827297435,6881.498355328089,0.0007296951726266257,9231.003117862332,0.24667515155883946,3511.559011132813
1919_TOP 24,renovation 2,69.11554718017578,139216.734375,5.210633277893066,0.13941060652020457,13822.628712054837,0.04567387798094513,17923.795609707588,0.09164360489284946,15364.443640416703,0.09921994132414973,15072.514239987511,0.11634730537781127,14487.26961639734,0.1731455565453684,13026.175413799143,0.10303170337722256,14933.966814771444,0.06338567643458333,16719.3842795335,0.03259209661422596,19164.02319654081,0.13554963093263958,13925.849939531252
1919_TOP 24,renovation stand,28.395263671875,54982.54296875,2.981722354888916,0.18285420328866414,5628.502626475922,0.012027698343206977,9754.142961301386,0.06463363637333185,7205.027782960526,0.08548450652883675,6781.166095954035,0.1374235721925954,6061.491918412964,0.21124168241830668,5409.729261075455,0.08021935920559183,6877.535862800259,0.022354778223714015,8814.510897425593,0.004717875769484574,11172.856097747157,0.19904268765626776,5499.903773164063
1919_TOP 6,maintenance,131.14068603515625,78091.3671875,9.977690696716309,0.13650257099764926,7129.307301787475,0.03666626282252063,9618.424462007895,0.11297559450544523,7487.523530103274,0.0933579738424559,7848.69169903705,0.08316970245216904,8067.51312930645,0.13257829525138415,7184.543875827722,0.14654306613548865,6994.907023026237,0.12434920044253346,7305.885358357107,0.03942085768572405,9481.255556560773,0.09443647586462953,7826.941550468751
1919_TOP 6,no action,131.23541259765625,83157.4609375,20.545026779174805,0.1339070780140094,7581.4533003774395,0.03883316128702044,10064.59636000928,0.11267671817860882,7927.731823779736,0.09318652960327249,8308.706432071916,0.08159107327318955,8575.26744149395,0.1298269104427183,7643.526295552724,0.1473423898532849,7389.655831463868,0.12818148001294777,7669.112610143789,0.0424681307424414,9885.102704456007,0.09198652859250696,8334.70599484375
1919_TOP 6,renovation 1,18.585668563842773,11773.1513671875,3.48960018157959,0.21358145385351796,1260.4558978403277,7.638059487835686e-05,3841.3576316477634,0.04186021644503076,1790.4491330352014,0.03323169975136523,1865.518494228526,0.13048661467712286,1420.7036304998082,0.27675571960539075,1176.1877989091292,0.027748968490098374,1924.1561342560274,0.00270922048061249,2680.7754984166404,1.8755118841040333e-05,4298.041301426661,0.27353097098314216,1179.999415230469
1919_TOP 6,renovation 2,73.8152847290039,38204.125,5.558696269989014,0.1605164355379821,3809.4238981399076,0.013105777451350761,6357.397910075411,0.1019003517673732,4271.556915959868,0.0883021691442628,4417.2248442718765,0.12426319260970496,4069.7743938220747,0.20296294469306933,3570.8044073514734,0.09349301462510819,4359.1308067630325,0.048689053061893556,5022.665077411482,0.009329839055238839,6703.01593266501,0.15743722205401617,3829.1230405000006
1919_TOP 6,renovation stand,31.93595695495605,18670.421875,2.983212947845459,0.19273376511462056,1938.3907817961579,0.0012396634166990089,4514.962064315263,0.06999015189154574,2455.574364820299,0.05918211656261143,2541.214731095635,0.1371807746658099,2111.989464415824,0.25220964723284434,1801.0727819739732,0.054406814357715334,2584.1689050892355,0.012732378202645212,3325.689355967703,0.0005252273216883173,4953.420386504318,0.21979946123382005,1871.2990436875002
1960_TOP 24,maintenance,108.75586700439452,230823.109375,13.880502700805664,0.12649568019819452,22445.368267213664,0.06368111532872565,26496.662489732138,0.09642925866089087,24047.41246058762,0.09691841266030078,24017.54456325207,0.10217322161786915,23705.869641147343,0.1520482019838779,21359.29296319514,0.11024109365729148,23257.24693525284,0.08518037356603107,24779.602784789276,0.05446822040429712,27419.11590894285,0.11236442192252144,23144.633177031254
1960_TOP 24,no action,108.75586700439452,223805.0,23.16460609436035,0.12734552550923478,21768.115294545725,0.06278250583886412,25821.940457848108,0.09627991877916406,23371.035039172868,0.09701046249469757,23327.706520345822,0.10267928015161201,23002.177850334843,0.15281077476843183,20723.193650525893,0.11024641318300289,22594.58923288678,0.08431575501275025,24131.6193750803,0.053287522016116674,26761.84017550343,0.11324184224612588,22440.92735
1960_TOP 24,renovation 1,16.628114700317383,36930.99609375,2.732757329940796,0.20931141773491696,3845.4676210960774,0.0038617733273733326,7974.010788812325,0.044789305417063295,5439.7810419967755,0.06853504445585522,4999.932345609379,0.13954539076609954,4264.695226662964,0.22180428762338378,3785.5229633237045,0.061704927718163535,5108.485625031747,0.009277299742869869,7067.746844812731,0.00095554908963882,9418.123826384082,0.24021500412463562,3703.070978320313
1960_TOP 24,renovation 2,57.5058708190918,133510.515625,3.5759236812591557,0.13969633902855982,13365.09644930745,0.043895235075488793,17472.12747218449,0.09088719070956254,14890.075610977243,0.09956010848597541,14566.730817476713,0.11851223089265107,13948.53049102234,0.17631526865486952,12539.186194990642,0.10105911839524537,14513.713835457535,0.060603280005780386,16327.845854302908,0.030638613643935077,18747.67849562168,0.13883261510793196,13387.099401718751
1960_TOP 24,renovation stand,28.76181983947754,63114.2421875,1.7113678455352783,0.1743143616306087,6450.7527120839295,0.01619443723953403,10575.047124456543,0.07061374020853534,8019.169069770681,0.08977175470743866,7602.528207757434,0.13533711722426223,6890.03694599109,0.20625864999457055,6158.689859669517,0.08519825503082677,7693.285598470555,0.028073896388521674,9620.127494358338,0.007199042200621053,11982.192015921937,0.18703874537508106,6328.465064140626
1960_TOP 6,maintenance,121.15501403808594,66498.25,13.66238021850586,0.13874890622400302,6411.365556631428,0.03264581145377404,8876.168680691502,0.11405951061977233,6745.14861486457,0.09508882325316141,7055.0209921731275,0.10276732987867711,6922.737914572074,0.1617832742270433,6149.729962775475,0.11675129880513047,6705.414518193224,0.08911220360155872,7165.600577724361,0.030685620473454845,8981.650286766959,0.11835722146342478,6682.143149500001
1960_TOP 6,no action,121.15499877929688,68038.65625,23.664623260498047,0.13783596213835145,6557.490655432189,0.03350543527553391,9019.433111813765,0.11411560972156688,6886.222000060362,0.09518565377091397,7201.9514686808225,0.10223880257047789,7077.524096197074,0.16076385235826,6289.648315800974,0.11703379594410973,6842.268621809239,0.09023154740196529,7294.991028736265,0.03169621685916666,9116.058858562068,0.1173931239596544,6836.932411937501
1960_TOP 6,renovation 1,18.470800399780277,12635.9384765625,2.6547329425811768,0.21068746214882716,1348.4576444924899,0.00013098945595524505,3928.8013770526695,0.04646256207641879,1876.8028652813323,0.03733673413501341,1953.2271657800902,0.13254349645127614,1510.4374034509801,0.27347051702087327,1257.3024498997074,0.03175444329939602,2009.8265133130685,0.0036645941378695545,2764.501354445503,3.570012925376328e-05,4383.134800615813,0.26391350114511664,1269.7349137558595
1960_TOP 6,renovation 2,61.90528869628906,39420.23046875,3.417834997177124,0.15780145738716184,3961.0667616899814,0.013965796309232838,6515.610722275103,0.1011803638444149,4429.294215789278,0.08909407364943765,4563.316904706226,0.12556322167544026,4201.8301999939495,0.20406977215952501,3690.1762599747863,0.09214614827176507,4527.830479544525,0.04847911753655212,5204.458288352342,0.009915743490882084,6876.434648329743,0.15778430567558824,3961.181278882813
1960_TOP 6,renovation stand,32.04254150390625,20912.1328125,1.670054316520691,0.18696304246173542,2164.022072730845,0.00206515476006168,4739.158920386513,0.07620398750298187,2676.966802127877,0.06520025202089048,2766.096848590276,0.13691966569943648,2342.0625151033237,0.2451991581968675,2009.0466607553485,0.061034954947793756,2803.8271827122862,0.01682321083044262,3540.347952096032,0.0009690924777090726,5171.577206460581,0.20862148110208117,2101.376577796875
1960_TOP12,maintenance,108.9212417602539,110566.9296875,12.88991641998291,0.13287046305127181,10674.820085998876,0.05076043971862177,13398.976004049906,0.10150289046842435,11437.174232141433,0.09690419462500825,11568.432298514868,0.10104157147993424,11450.070154576862,0.1547679583666954,10242.94380196207,0.11472784778552508,11090.445402339827,0.08815106366359582,11836.445937971177,0.04449522707893104,13771.91958110662,0.11477834376199221,11089.199646078127
1960_TOP12,no action,108.9212417602539,105324.0390625,24.50446128845215,0.13447172371939153,10173.535611210751,0.049011587436481145,12902.09908060928,0.10136640249637581,10937.557793491434,0.0969947507288623,11056.738032933463,0.10186660856350431,10924.250168014361,0.15625640877369246,9767.630971548322,0.11462199272858271,10605.311771407989,0.08655185659931229,11364.694105483319,0.04244449636906915,13291.013030993121,0.11641417258472862,10563.369173734376
1960_TOP12,renovation 1,16.675228118896484,18779.1328125,2.693650960922241,0.21370312357843174,1969.827218643939,0.001026711889503746,4781.629154521937,0.04971561867807954,2737.940492350466,0.060683003348006734,2632.9398383202906,0.12686727623463365,2244.488430389361,0.23419533106784793,1921.595780306821,0.05366287870015992,2697.6971133196985,0.008068041429654579,3695.7500379449784,0.0002855302653169545,5455.7211749640455,0.25179248480836536,1883.4343462968752
1960_TOP12,renovation 2,57.43244934082031,65883.0,3.33864164352417,0.14552373645911554,6596.313199500221,0.02964808095492188,9386.697311142234,0.09692995560939768,7309.019503665956,0.0991336157010297,7269.591419320554,0.11769099568968194,6968.629478358112,0.18325518721837866,6191.963796294946,0.10138986704614196,7230.120225808753,0.06039663982911051,8138.72021017786,0.021447388478558153,9954.606868888211,0.14458453301366392,6607.669602000001
1960_TOP12,renovation stand,28.78801727294922,32092.935546875,1.6190028190612793,0.17928338460579452,3293.1570083544393,0.007430101357423815,6101.198221001664,0.07684691951960766,4040.4138905463014,0.0852871671789473,3948.4934618953293,0.1295484526942229,3579.7563342252984,0.2160514662064371,3128.605751308477,0.08036572436589065,4000.9210235871706,0.02655849041800315,4977.59476451759,0.003560803005016144,6750.015840233902,0.19506749064865686,3218.7288777382814
2001_TOP 12,maintenance,42.75035858154297,48624.140625,8.062352180480957,0.15419656724972472,4938.019775109001,0.02176106631999843,7512.5732668410765,0.08908616696983998,5659.360872637371,0.09916103810442291,5518.489774917386,0.122605105810836,5239.454422983111,0.19506747986124764,4628.883158289197,0.09616327832361718,5558.851561834206,0.04712864830116662,6496.53599764515,0.013488535772678627,8141.427635213464,0.16134211328646794,4878.46002890625
2001_TOP 12,no action,42.75036239624024,48227.32421875,37.30810928344727,0.154585420650129,4898.563892861111,0.021480096972509695,7473.229515385998,0.08888321787465205,5620.526769952763,0.09904829109334226,5479.265774717385,0.12272594037027779,5199.642626576861,0.19540184384628942,4592.895446670134,0.09600365215105652,5519.995180619526,0.04676392122318332,6458.316956819612,0.013256638119684876,8102.8373616076515,0.1618509776988752,4838.647438867188
2001_TOP 12,renovation 1,15.977950096130373,17721.482421875,1.8554399013519287,0.2140599250129072,1865.3352187120563,0.001209135583821327,4448.621059988537,0.04577856669813409,2635.0983094320673,0.06451734237881024,2463.8633722573854,0.1236908445112478,2139.052530779986,0.23148135215795004,1826.287463755665,0.056187347742980134,2532.8540255048583,0.007770369893189145,3520.1722765876775,0.000304902889614005,5136.153618256157,0.25500021313134597,1777.9963313867188
2001_TOP 12,renovation 2,32.805198669433594,39721.86328125,1.685886025428772,0.16430390818781374,4052.856759969517,0.015217938014926893,6629.925821624279,0.08333522879985891,4788.147013913356,0.09567951701839528,4638.528858957386,0.1253104455424977,4346.306741639361,0.20342365069331603,3821.5259403067585,0.09148057223441983,4687.137901059744,0.03798616180354063,5639.120588699846,0.008383686692537685,7275.683898313376,0.17487889101269344,3985.2945430078125
2001_TOP 12,renovation stand,28.055953979492188,33432.46875,1.0029540061950684,0.17374385795645114,3427.4954943388143,0.010469099766963379,6006.341787942639,0.07716072395650565,4172.64072636156,0.09143261255079428,4016.842838757386,0.12698513734569256,3715.304367108111,0.21054385345007695,3251.1339074064463,0.0861685358337954,4071.2785069756055,0.03021384892021851,5033.362806078519,0.005114044995239834,6664.042212251314,0.18816828522426238,3354.2795896875
2001_TOP 24,maintenance,42.66532516479492,79588.9140625,9.29294490814209,0.15456281008443326,8059.11591658033,0.034356923754657175,11308.427469274253,0.07428958343503064,9642.137102218805,0.10405334277778439,8914.113252855845,0.12361313460001092,8541.91934555359,0.18661749099864458,7651.902190253768,0.10122010622902743,8973.763160569853,0.04325465179418174,10810.806832007911,0.017733132770524657,12737.472205656431,0.16029882355570518,7980.380413046876
2001_TOP 24,no action,42.66533279418945,101408.7578125,35.60602569580078,0.1434574739294918,10230.233791194392,0.04353481792528864,13476.004637843003,0.0808321347767755,11791.673623975055,0.10487203335342395,11082.99005495803,0.11940471874651323,10729.75143867859,0.1788797719779841,9629.584051606267,0.10315929876337092,11127.809734607967,0.053052439036068835,12937.836718378745,0.026045803573793335,14874.24191937868,0.14676150791728973,10168.256145859375
2001_TOP 24,renovation 1,15.798019409179688,34314.203125,1.9016790390014648,0.20744691903554824,3554.192081624314,0.00706829418782762,6810.850361662066,0.038313231709702064,5181.993125609744,0.08501828547533616,4413.839492910797,0.13030569858585492,4002.314629272339,0.2087093453006139,3548.345096767642,0.07740417867551014,4504.261128251789,0.010855510330941951,6397.362612873071,0.0015014746600958491,8303.818498636669,0.23337706203856917,3440.6851473437505
2001_TOP 24,renovation 2,32.59625244140625,67924.4921875,1.9608330726623533,0.16283450662618884,6898.4827278182975,0.02827958388690971,10149.687066249877,0.06900319230125557,8493.04084320068,0.10269058062554874,7754.67809353575,0.12616396912863276,7372.35109299109,0.1917740180308994,6594.675757761517,0.09902114962925124,7822.255924044435,0.03654009775020171,9673.742138986783,0.012985205662473694,11595.200809208905,0.17070769635863844,6810.788831640626
2001_TOP 24,renovation stand,27.80363655090332,61018.1171875,1.1532540321350098,0.1688918114780681,6211.284671632048,0.02425874693172266,9463.609707534877,0.06496175883422396,7812.673675335681,0.1012903414012538,7068.1893773130005,0.127700024595127,6679.86268449109,0.19519379575328713,5968.703696655517,0.09701547149763003,7140.461243100744,0.03197933017077373,9000.498728090024,0.010180781880258557,10918.874566881506,0.17852793745765508,6118.286610390625
2001_TOP 6,maintenance,48.50773620605469,29450.00390625,8.704273223876953,0.17277497179335582,2966.857978414746,0.00891562275389294,5323.562035361997,0.0879454768629457,3503.7403217830024,0.08341297502801148,3545.8094511632416,0.12864677044901757,3201.3366542673866,0.2169655721995586,2785.784173146848,0.08612613542653354,3520.360352709944,0.03584616800523622,4217.290824650525,0.005240891887854124,5745.987934734741,0.17412541559359415,2960.667792703125
2001_TOP 6,no action,48.50773620605469,34266.5625,36.47738265991211,0.16458937648076094,3441.715448363894,0.012767979100603476,5795.388107828997,0.09276237680018876,3969.6319509391114,0.08790989283656049,4019.0977537543667,0.12629374791829814,3685.5452896970737,0.20861573044524792,3223.482654561473,0.09145874710425735,3982.6621203313016,0.043396362764272785,4669.023540461927,0.008182257582224238,6205.055105323266,0.16402352896758599,3444.8860612500002
2001_TOP 6,renovation 1,16.798824310302734,11249.0703125,1.7194840908050537,0.23369318184402024,1172.454545171848,0.0001137249386099995,3540.613723694997,0.03717172827507652,1743.2172347893927,0.03551916100283297,1757.3356272721167,0.12304621459611885,1371.596800087699,0.2663912258959153,1131.798066832223,0.03372769190875074,1773.4027253973536,0.003141876044844968,2510.2717979793806,2.4973735246796666e-05,4011.2532846062154,0.2671702217585837,1130.89153665625
2001_TOP 6,renovation 2,36.29948425292969,26342.326171875,1.8340259790420528,0.17913606523637265,2660.4765740075627,0.006570774379932932,5019.136510090497,0.08373287387863708,3203.1437413866033,0.0794686506413362,3240.440484654429,0.13005975328483613,2888.9218116306674,0.22325384453088948,2503.3780114472856,0.08154000127878076,3222.0799764131934,0.0304118595364017,3925.829675472879,0.003593373549450165,5449.794543363629,0.1822328036833629,2648.2467347109377
2001_TOP 6,renovation stand,31.07248306274414,22055.53515625,1.1763519048690796,0.18980699407283227,2237.848115065559,0.0037188633883347426,4599.2060288099965,0.07586565908830968,2788.494981022127,0.07208268576983747,2819.2086022102417,0.13155395063650124,2457.9707108298862,0.23335499616063482,2113.821467877848,0.07312036316470348,2810.6262329627602,0.022296310414536263,3523.78250633494,0.0017812076584201803,5041.219627447341,0.1964189696458899,2217.2870603281253
