m6_efficiency_pct,year,measure_id,measure,stock_weighted_share
5.0,2030,1.3,M1: Flow Limiter,0.14447051969131353
5.0,2030,1.5,M2: Heat Exchanger,0.04066137996187367
5.0,2030,2.1,M3: Hydraulic Balancing,0.09908470058533358
5.0,2030,2.3,M4: Pump Downsizing,0.09831562581060278
5.0,2030,2.5,M5: Buffer Storage,0.10933255729287515
5.0,2030,2.7,M6: User Behavior,0.14313960475946813
5.0,2030,2.8,M7: Pump + Flow Limiter,0.11549275792479537
5.0,2030,2.9,M8: Pump + Flow + Hydr. Bal.,0.08112062561730769
5.0,2030,2.10,M9: Hydr. Bal. + Heat Exch.,0.03505466226024278
5.0,2030,baseline,Baseline (Do Nothing),0.13332756609618734
5.0,2040,1.3,M1: Flow Limiter,0.150953101633243
5.0,2040,1.5,M2: Heat Exchanger,0.036046601826898735
5.0,2040,2.1,M3: Hydraulic Balancing,0.09535472346466495
5.0,2040,2.3,M4: Pump Downsizing,0.09656187005585849
5.0,2040,2.5,M5: Buffer Storage,0.11358295058890215
5.0,2040,2.7,M6: User Behavior,0.15067494513206778
5.0,2040,2.8,M7: Pump + Flow Limiter,0.11026995730554982
5.0,2040,2.9,M8: Pump + Flow + Hydr. Bal.,0.07235969520542639
5.0,2040,2.10,M9: Hydr. Bal. + Heat Exch.,0.029983409308855753
5.0,2040,baseline,Baseline (Do Nothing),0.1442127454785329
9.6,2030,1.3,M1: Flow Limiter,0.14083746436377
9.6,2030,1.5,M2: Heat Exchanger,0.03930547729462424
9.6,2030,2.1,M3: Hydraulic Balancing,0.09632083501182037
9.6,2030,2.3,M4: Pump Downsizing,0.09554484788652867
9.6,2030,2.5,M5: Buffer Storage,0.10629870221976982
9.6,2030,2.7,M6: User Behavior,0.16664100448614277
9.6,2030,2.8,M7: Pump + Flow Limiter,0.11245286937297135
9.6,2030,2.9,M8: Pump + Flow + Hydr. Bal.,0.07885209610536172
9.6,2030,2.10,M9: Hydr. Bal. + Heat Exch.,0.033882484217333184
9.6,2030,baseline,Baseline (Do Nothing),0.12986421904167797
9.6,2040,1.3,M1: Flow Limiter,0.14701165613941655
9.6,2040,1.5,M2: Heat Exchanger,0.03478866245534188
9.6,2040,2.1,M3: Hydraulic Balancing,0.09254644442957602
9.6,2040,2.3,M4: Pump Downsizing,0.09370430784939976
9.6,2040,2.5,M5: Buffer Storage,0.11030336391923991
9.6,2040,2.7,M6: User Behavior,0.17492378556486532
9.6,2040,2.8,M7: Pump + Flow Limiter,0.10720224656112251
9.6,2040,2.9,M8: Pump + Flow + Hydr. Bal.,0.07021918601690841
9.6,2040,2.10,M9: Hydr. Bal. + Heat Exch.,0.02893382450150404
9.6,2040,baseline,Baseline (Do Nothing),0.14036652256262566
15.0,2030,1.3,M1: Flow Limiter,0.1358514798343787
15.0,2030,1.5,M2: Heat Exchanger,0.037398319771999505
15.0,2030,2.1,M3: Hydraulic Balancing,0.09248796753341057
15.0,2030,2.3,M4: Pump Downsizing,0.0917011885979878
15.0,2030,2.5,M5: Buffer Storage,0.10210179958735517
15.0,2030,2.7,M6: User Behavior,0.19917425823898302
15.0,2030,2.8,M7: Pump + Flow Limiter,0.10825507623991652
15.0,2030,2.9,M8: Pump + Flow + Hydr. Bal.,0.07569726643519241
15.0,2030,2.10,M9: Hydr. Bal. + Heat Exch.,0.032230276250148196
15.0,2030,baseline,Baseline (Do Nothing),0.12510236751062812
15.0,2040,1.3,M1: Flow Limiter,0.14161563515063277
15.0,2040,1.5,M2: Heat Exchanger,0.03302249142905256
15.0,2040,2.1,M3: Hydraulic Balancing,0.08865717153903462
15.0,2040,2.3,M4: Pump Downsizing,0.08974723998483716
15.0,2040,2.5,M5: Buffer Storage,0.10577861437369114
15.0,2040,2.7,M6: User Behavior,0.20841197041299908
15.0,2040,2.8,M7: Pump + Flow Limiter,0.10296893902255799
15.0,2040,2.9,M8: Pump + Flow + Hydr. Bal.,0.0672437541937443
15.0,2040,2.10,M9: Hydr. Bal. + Heat Exch.,0.027456748136065738
15.0,2040,baseline,Baseline (Do Nothing),0.13509743575738464
