measure_id,measure,energy_cost,annualized_investment,om_cost,total_cost
1.3,M1: Flow Limiter,10548.340202018002,117.64223408245134,-1.5164143502839192e-13,10665.982436100456
1.5,M2: Heat Exchanger,10509.600702606012,3146.6989391835687,-1.1327328474894215e-14,13656.299641789585
2.1,M3: Hydraulic Balancing,10387.949721426818,1119.156011468396,-2.5565760764401973e-13,11507.105732895214
2.3,M4: Pump Downsizing,10634.73200027172,887.67054381931,-3.0017833129076963e-13,11522.40254409103
2.5,M5: Buffer Storage,11044.235672028648,387.8327934449267,4.970929070056864e-13,11432.06846547358
2.7,M6: User Behavior,9983.989047513898,255.61842447624198,6.538641318897447e-14,10239.607471990139
2.8,M7: Pump + Flow Limiter,10043.027097269798,981.1459486152951,-2.794149999316197e-13,11024.173045885093
2.9,M8: Pump + Flow + Hydr. Bal.,9718.240051740102,2241.1991761866993,2.791684093516379e-13,11959.439227926805
2.10,M9: Hydr. Bal. + Heat Exch.,10091.498936009077,4052.562203119366,-1.6301049908052614e-13,14144.061139128442
baseline,Baseline (Do Nothing),11044.235672028648,0.0,0.0,11044.235672028648
