measure_id,measure,d_rt_K,heat_MWh,net_cost_change_EUR,v_net_low_EUR,v_net_mid_EUR,v_net_high_EUR,linear_transfer_EUR,stepped_transfer_EUR
1.3,M1: Flow Limiter,1.8780317870346408,110.44235672028647,-378.2532359281949,28.89469545420642,34.67363454504771,193.59445954318306,288.94695454206425,322.74046125525877
1.5,M2: Heat Exchanger,1.5740246722952687,110.44235672028647,2612.063969760934,20.07826829367394,24.09392195240872,134.52439756761538,200.78268293673938,170.70421751289663
2.1,M3: Hydraulic Balancing,3.2029444736546,110.44235672028647,462.87006086656555,37.21348574230191,44.65618289076229,249.3303544734229,372.13485742301907,403.30113750629187
2.3,M4: Pump Downsizing,-0.2111982196078548,110.44235672028647,478.16687206238163,-2.817967562395043,-3.3815610748740514,-18.880382668046785,-28.179675623950427,2.4716869494050595
2.5,M5: Buffer Storage,0.009999999999999998,110.44235672028647,387.8327934449272,0.11044235672028647,0.13253082806434377,0.7399637900259197,1.104423567202865,0.0
2.7,M6: User Behavior,0.039999999999999994,110.44235672028647,-804.6282000385079,0.4417694268811459,0.5301233122573751,2.959855160103679,4.41769426881146,5.733433207906637
2.8,M7: Pump + Flow Limiter,0.23301462741802945,110.44235672028647,-20.062626143557384,6.398974866987935,7.678769840385522,42.87313160881917,63.989748669879354,5.505871472472624
2.9,M8: Pump + Flow + Hydr. Bal.,3.4359591010726294,110.44235672028647,915.203555898154,43.61246060928985,52.334952731147816,292.2034860822419,436.12460609289843,462.6327845880036
2.10,M9: Hydr. Bal. + Heat Exch.,4.776969145949869,110.44235672028647,3099.825467099795,57.291754035975856,68.75010484317102,383.8547520410382,572.9175403597585,510.37287273512413
baseline,Baseline (Do Nothing),0.0,110.44235672028647,0.0,0.0,0.0,0.0,0.0,0.0
