year,diffusion_rate,measure_id,measure,choice_share,stock_adoption
2030,0.2,1.3,M1: Flow Limiter,0.14083746436377,0.028167492872754003
2030,0.2,1.5,M2: Heat Exchanger,0.03930547729462424,0.007861095458924848
2030,0.2,2.1,M3: Hydraulic Balancing,0.09632083501182037,0.019264167002364076
2030,0.2,2.3,M4: Pump Downsizing,0.09554484788652867,0.019108969577305734
2030,0.2,2.5,M5: Buffer Storage,0.10629870221976982,0.021259740443953967
2030,0.2,2.7,M6: User Behavior,0.16664100448614277,0.03332820089722856
2030,0.2,2.8,M7: Pump + Flow Limiter,0.11245286937297135,0.022490573874594272
2030,0.2,2.9,M8: Pump + Flow + Hydr. Bal.,0.07885209610536172,0.015770419221072345
2030,0.2,2.10,M9: Hydr. Bal. + Heat Exch.,0.033882484217333184,0.006776496843466637
2030,0.2,baseline,Baseline (Do Nothing),0.12986421904167797,0.8259728438083357
2040,0.6,1.3,M1: Flow Limiter,0.14701165613941655,0.08820699368364993
2040,0.6,1.5,M2: Heat Exchanger,0.03478866245534188,0.020873197473205127
2040,0.6,2.1,M3: Hydraulic Balancing,0.09254644442957602,0.05552786665774561
2040,0.6,2.3,M4: Pump Downsizing,0.09370430784939976,0.05622258470963985
2040,0.6,2.5,M5: Buffer Storage,0.11030336391923991,0.06618201835154394
2040,0.6,2.7,M6: User Behavior,0.17492378556486532,0.10495427133891919
2040,0.6,2.8,M7: Pump + Flow Limiter,0.10720224656112251,0.0643213479366735
2040,0.6,2.9,M8: Pump + Flow + Hydr. Bal.,0.07021918601690841,0.04213151161014504
2040,0.6,2.10,M9: Hydr. Bal. + Heat Exch.,0.02893382450150404,0.017360294700902425
2040,0.6,baseline,Baseline (Do Nothing),0.14036652256262566,0.48421991353757543
