building_class,total_buildings_invert,share_M1: Flow Limiter,share_M2: Heat Exchanger,share_M3: Hydraulic Balancing,share_M7: Pump + Flow Limiter,share_M8: Pump + Flow + Hydr. Bal.,share_M9: Hydr. Bal. + Heat Exch.,share_Baseline (Do Nothing)
1919_TOP 12,42.46307301521301,0.24416783798284933,0.03770522448938975,0.197612607345974,0.13314773256048196,0.17712368553928953,0.06824697570126581,0.14199593638074953
1919_TOP 24,42.48041081428528,0.24707673141023812,0.08220055195677853,0.1759718352655422,0.12069933200107093,0.15218029959956578,0.07851141756162063,0.14335983220518378
1919_TOP 6,42.554226875305176,0.21318490079281768,0.035942379024137584,0.1377024910993993,0.1675699381420747,0.19616405895933386,0.06281862862702862,0.18661760335520822
1960_TOP 24,45.065157651901245,0.25337283624001017,0.059278707374966245,0.18479695284552614,0.12045064123867377,0.14467780045108847,0.08552233948390447,0.1519007223658308
1960_TOP 6,45.0696257352829,0.2542116718945867,0.05693513888896975,0.20476541432247372,0.1276272027370898,0.14864843648213233,0.052201638064752545,0.1556104976099951
1960_TOP12,45.04567313194275,0.20138814875328134,0.06001820328063547,0.13470804014678525,0.15371962307326534,0.17501044358441842,0.08654526170998571,0.1886102794516285
2001_TOP 12,49.914741396904,0.2632527342440226,0.03641685267718824,0.14545188101597534,0.16118350175310234,0.07670056988559866,0.03746473548284569,0.27952972494126715
2001_TOP 24,49.9147367477417,0.2141555029913947,0.05639616436248039,0.18743462149790951,0.14669000719373612,0.11713552514827229,0.054606328825965986,0.22358184998024105
2001_TOP 6,49.91151785850525,0.24036714790106972,0.03567987196004316,0.21649499228673375,0.13696216446851595,0.10681010854353298,0.02346031613250606,0.24022539870759832
OVERALL (stock-weighted),412.4191632270813,0.23691898552486956,0.050863488043002426,0.17645293720493307,0.14116726419316583,0.14170718989468556,0.060080356682538756,0.1928097784568048
