year,partition,theta,measure_id,measure,stock_weighted_share,rank,mnl_share,mnl_rank,delta_pp
2030,A,0.3,1.3,M1: Flow Limiter,0.11768818335214559,4,0.14083746436377,2,-2.3149281011624416
2030,A,0.3,1.5,M2: Heat Exchanger,0.0037472782721996076,10,0.03930547729462424,9,-3.555819902242463
2030,A,0.3,2.1,M3: Hydraulic Balancing,0.04215208615176978,7,0.09632083501182037,6,-5.416874886005059
2030,A,0.3,2.3,M4: Pump Downsizing,0.03644917440147884,8,0.09554484788652867,7,-5.909567348504983
2030,A,0.3,2.5,M5: Buffer Storage,0.04651618916381808,6,0.10629870221976982,5,-5.978251305595174
2030,A,0.3,2.7,M6: User Behavior,0.20592884719706184,2,0.16664100448614277,1,3.9287842710919065
2030,A,0.3,2.8,M7: Pump + Flow Limiter,0.19568227655963708,3,0.11245286937297135,4,8.322940718666572
2030,A,0.3,2.9,M8: Pump + Flow + Hydr. Bal.,0.07024257119293502,5,0.07885209610536172,8,-0.8609524912426697
2030,A,0.3,2.10,M9: Hydr. Bal. + Heat Exch.,0.005968615307716027,9,0.033882484217333184,10,-2.7913868909617157
2030,A,0.3,baseline,Baseline (Do Nothing),0.2756247784012382,1,0.12986421904167797,3,14.576055935956026
2030,A,0.5,1.3,M1: Flow Limiter,0.12547052490021676,4,0.14083746436377,2,-1.5366939463553249
2030,A,0.5,1.5,M2: Heat Exchanger,0.012777101343462636,10,0.03930547729462424,9,-2.6528375951161602
2030,A,0.5,2.1,M3: Hydraulic Balancing,0.06272785746631869,7,0.09632083501182037,6,-3.3592977545501683
2030,A,0.5,2.3,M4: Pump Downsizing,0.0598096615770934,8,0.09554484788652867,7,-3.573518630943527
2030,A,0.5,2.5,M5: Buffer Storage,0.07173076834142683,6,0.10629870221976982,5,-3.456793387834299
2030,A,0.5,2.7,M6: User Behavior,0.17589409151115853,2,0.16664100448614277,1,0.925308702501576
2030,A,0.5,2.8,M7: Pump + Flow Limiter,0.16119626916467997,3,0.11245286937297135,4,4.874339979170863
2030,A,0.5,2.9,M8: Pump + Flow + Hydr. Bal.,0.0821965189403303,5,0.07885209610536172,8,0.334442283496858
2030,A,0.5,2.10,M9: Hydr. Bal. + Heat Exch.,0.016929220420566944,9,0.033882484217333184,10,-1.695326379676624
2030,A,0.5,baseline,Baseline (Do Nothing),0.23126798633474596,1,0.12986421904167797,3,10.1403767293068
2030,A,0.7,1.3,M1: Flow Limiter,0.13164772879645498,4,0.14083746436377,2,-0.9189735567315033
2030,A,0.7,1.5,M2: Heat Exchanger,0.0233573822999122,10,0.03930547729462424,9,-1.594809499471204
2030,A,0.7,2.1,M3: Hydraulic Balancing,0.07811580083002966,7,0.09632083501182037,6,-1.8205034181790716
2030,A,0.7,2.3,M4: Pump Downsizing,0.0764796597432475,8,0.09554484788652867,7,-1.9065188143281175
2030,A,0.7,2.5,M5: Buffer Storage,0.08818654195692482,5,0.10629870221976982,5,-1.8112160262844998
2030,A,0.7,2.7,M6: User Behavior,0.16753800690138126,2,0.16664100448614277,1,0.08970024152384903
2030,A,0.7,2.8,M7: Pump + Flow Limiter,0.13778194336179972,3,0.11245286937297135,4,2.5329073988828372
2030,A,0.7,2.9,M8: Pump + Flow + Hydr. Bal.,0.08373616845247975,6,0.07885209610536172,8,0.4884072347118032
2030,A,0.7,2.10,M9: Hydr. Bal. + Heat Exch.,0.02597252405786575,9,0.033882484217333184,10,-0.7909960159467433
2030,A,0.7,baseline,Baseline (Do Nothing),0.18718424359990435,1,0.12986421904167797,3,5.732002455822638
2030,A,1.0,1.3,M1: Flow Limiter,0.14083746436377,2,0.14083746436377,2,0.0
2030,A,1.0,1.5,M2: Heat Exchanger,0.03930547729462424,9,0.03930547729462424,9,0.0
2030,A,1.0,2.1,M3: Hydraulic Balancing,0.09632083501182036,6,0.09632083501182037,6,-1.3877787807814457e-15
2030,A,1.0,2.3,M4: Pump Downsizing,0.09554484788652867,7,0.09554484788652867,7,0.0
2030,A,1.0,2.5,M5: Buffer Storage,0.10629870221976982,5,0.10629870221976982,5,0.0
2030,A,1.0,2.7,M6: User Behavior,0.16664100448614277,1,0.16664100448614277,1,0.0
2030,A,1.0,2.8,M7: Pump + Flow Limiter,0.11245286937297132,4,0.11245286937297135,4,-2.7755575615628914e-15
2030,A,1.0,2.9,M8: Pump + Flow + Hydr. Bal.,0.0788520961053617,8,0.07885209610536172,8,-1.3877787807814457e-15
2030,A,1.0,2.10,M9: Hydr. Bal. + Heat Exch.,0.033882484217333184,10,0.033882484217333184,10,0.0
2030,A,1.0,baseline,Baseline (Do Nothing),0.12986421904167794,3,0.12986421904167797,3,-2.7755575615628914e-15
2030,B,0.3,1.3,M1: Flow Limiter,0.14606094391492896,3,0.14083746436377,2,0.5223479551158955
2030,B,0.3,1.5,M2: Heat Exchanger,0.04480575429716795,8,0.03930547729462424,9,0.5500277002543713
2030,B,0.3,2.1,M3: Hydraulic Balancing,0.11155158587357868,4,0.09632083501182037,6,1.5230750861758304
2030,B,0.3,2.3,M4: Pump Downsizing,0.04225337970128759,9,0.09554484788652867,7,-5.329146818524108
2030,B,0.3,2.5,M5: Buffer Storage,0.0512989716596476,7,0.10629870221976982,5,-5.499973056012222
2030,B,0.3,2.7,M6: User Behavior,0.2265701467021743,1,0.16664100448614277,1,5.992914221603152
2030,B,0.3,2.8,M7: Pump + Flow Limiter,0.07943053246887329,5,0.11245286937297135,4,-3.302233690409806
2030,B,0.3,2.9,M8: Pump + Flow + Hydr. Bal.,0.06624370997124422,6,0.07885209610536172,8,-1.2608386134117495
2030,B,0.3,2.10,M9: Hydr. Bal. + Heat Exch.,0.028969536571856306,10,0.033882484217333184,10,-0.4912947645476878
2030,B,0.3,baseline,Baseline (Do Nothing),0.2028154388392412,2,0.12986421904167797,3,7.295121979756322
2030,B,0.5,1.3,M1: Flow Limiter,0.13625648556501557,3,0.14083746436377,2,-0.4580978798754437
2030,B,0.5,1.5,M2: Heat Exchanger,0.04231381289034835,9,0.03930547729462424,9,0.300833559572411
2030,B,0.5,2.1,M3: Hydraulic Balancing,0.10509560343022105,4,0.09632083501182037,6,0.8774768418400678
2030,B,0.5,2.3,M4: Pump Downsizing,0.06333934533711999,8,0.09554484788652867,7,-3.220550254940868
2030,B,0.5,2.5,M5: Buffer Storage,0.08028665139341755,6,0.10629870221976982,5,-2.6012050826352273
2030,B,0.5,2.7,M6: User Behavior,0.19654859089789198,1,0.16664100448614277,1,2.9907586411749203
2030,B,0.5,2.8,M7: Pump + Flow Limiter,0.08997882511931522,5,0.11245286937297135,4,-2.2474044253656125
2030,B,0.5,2.9,M8: Pump + Flow + Hydr. Bal.,0.07303505505355967,7,0.07885209610536172,8,-0.5817041051802043
2030,B,0.5,2.10,M9: Hydr. Bal. + Heat Exch.,0.03186086318320599,10,0.033882484217333184,10,-0.20216210341271953
2030,B,0.5,baseline,Baseline (Do Nothing),0.1812847671299047,2,0.12986421904167797,3,5.1420548088226745
2030,B,0.7,1.3,M1: Flow Limiter,0.1355064975705806,3,0.14083746436377,2,-0.5330966793189423
2030,B,0.7,1.5,M2: Heat Exchanger,0.04087832622668582,9,0.03930547729462424,9,0.15728489320615824
2030,B,0.7,2.1,M3: Hydraulic Balancing,0.10090460282571997,4,0.09632083501182037,6,0.4583767813899603
2030,B,0.7,2.3,M4: Pump Downsizing,0.07801156803428488,7,0.09554484788652867,7,-1.7533279852243788
2030,B,0.7,2.5,M5: Buffer Storage,0.09520687024642144,6,0.10629870221976982,5,-1.1091831973348385
2030,B,0.7,2.7,M6: User Behavior,0.18072830973270018,1,0.16664100448614277,1,1.408730524655741
2030,B,0.7,2.8,M7: Pump + Flow Limiter,0.09926984766488026,5,0.11245286937297135,4,-1.318302170809109
2030,B,0.7,2.9,M8: Pump + Flow + Hydr. Bal.,0.07663388081430177,8,0.07885209610536172,8,-0.22182152910599495
2030,B,0.7,2.10,M9: Hydr. Bal. + Heat Exch.,0.033192445314742164,10,0.033882484217333184,10,-0.06900389025910197
2030,B,0.7,baseline,Baseline (Do Nothing),0.15966765156968304,2,0.12986421904167797,3,2.9803432528005076
2030,B,1.0,1.3,M1: Flow Limiter,0.14083746436377004,2,0.14083746436377,2,2.7755575615628914e-15
2030,B,1.0,1.5,M2: Heat Exchanger,0.03930547729462424,9,0.03930547729462424,9,0.0
2030,B,1.0,2.1,M3: Hydraulic Balancing,0.09632083501182034,6,0.09632083501182037,6,-2.7755575615628914e-15
2030,B,1.0,2.3,M4: Pump Downsizing,0.09554484788652867,7,0.09554484788652867,7,0.0
2030,B,1.0,2.5,M5: Buffer Storage,0.10629870221976982,5,0.10629870221976982,5,0.0
2030,B,1.0,2.7,M6: User Behavior,0.1666410044861428,1,0.16664100448614277,1,2.7755575615628914e-15
2030,B,1.0,2.8,M7: Pump + Flow Limiter,0.11245286937297133,4,0.11245286937297135,4,-1.3877787807814457e-15
2030,B,1.0,2.9,M8: Pump + Flow + Hydr. Bal.,0.0788520961053617,8,0.07885209610536172,8,-1.3877787807814457e-15
2030,B,1.0,2.10,M9: Hydr. Bal. + Heat Exch.,0.03388248421733319,10,0.033882484217333184,10,6.938893903907228e-16
2030,B,1.0,baseline,Baseline (Do Nothing),0.12986421904167794,3,0.12986421904167797,3,-2.7755575615628914e-15
2040,A,0.3,1.3,M1: Flow Limiter,0.12164306071486597,4,0.14701165613941655,2,-2.5368595424550584
2040,A,0.3,1.5,M2: Heat Exchanger,0.0029616412234893734,10,0.03478866245534188,9,-3.182702123185251
2040,A,0.3,2.1,M3: Hydraulic Balancing,0.03632928442130925,7,0.09254644442957602,7,-5.6217160008266776
2040,A,0.3,2.3,M4: Pump Downsizing,0.032884211135950275,8,0.09370430784939976,6,-6.082009671344949
2040,A,0.3,2.5,M5: Buffer Storage,0.04742113609106502,6,0.11030336391923991,4,-6.288222782817489
2040,A,0.3,2.7,M6: User Behavior,0.21685287412183427,2,0.17492378556486532,1,4.192908855696895
2040,A,0.3,2.8,M7: Pump + Flow Limiter,0.18915513825762942,3,0.10720224656112251,5,8.19528916965069
2040,A,0.3,2.9,M8: Pump + Flow + Hydr. Bal.,0.05805216741580298,5,0.07021918601690841,8,-1.216701860110543
2040,A,0.3,2.10,M9: Hydr. Bal. + Heat Exch.,0.004641486872506769,9,0.02893382450150404,10,-2.4292337628997274
2040,A,0.3,baseline,Baseline (Do Nothing),0.2900589997455467,1,0.14036652256262566,3,14.969247718292106
2040,A,0.5,1.3,M1: Flow Limiter,0.13086778578368857,4,0.14701165613941655,2,-1.6143870355727978
2040,A,0.5,1.5,M2: Heat Exchanger,0.010621002639909994,10,0.03478866245534188,9,-2.416765981543189
2040,A,0.5,2.1,M3: Hydraulic Balancing,0.057064063471956306,7,0.09254644442957602,7,-3.5482380957619712
2040,A,0.5,2.3,M4: Pump Downsizing,0.05630810530177016,8,0.09370430784939976,6,-3.7396202547629596
2040,A,0.5,2.5,M5: Buffer Storage,0.07402333222754669,5,0.11030336391923991,4,-3.628003169169322
2040,A,0.5,2.7,M6: User Behavior,0.18549078900393806,2,0.17492378556486532,1,1.0567003439072742
2040,A,0.5,2.8,M7: Pump + Flow Limiter,0.15568381968634074,3,0.10720224656112251,5,4.848157312521822
2040,A,0.5,2.9,M8: Pump + Flow + Hydr. Bal.,0.07067333484802549,6,0.07021918601690841,8,0.04541488311170794
2040,A,0.5,2.10,M9: Hydr. Bal. + Heat Exch.,0.013791633920220224,9,0.02893382450150404,10,-1.5142190581283816
2040,A,0.5,baseline,Baseline (Do Nothing),0.24547613311660377,1,0.14036652256262566,3,10.51096105539781
2040,A,0.7,1.3,M1: Flow Limiter,0.1375210797373505,3,0.14701165613941655,2,-0.9490576402066048
2040,A,0.7,1.5,M2: Heat Exchanger,0.020037155734010378,10,0.03478866245534188,9,-1.4751506721331502
2040,A,0.7,2.1,M3: Hydraulic Balancing,0.07318938990648281,8,0.09254644442957602,7,-1.9357054523093207
2040,A,0.7,2.3,M4: Pump Downsizing,0.07362501524820272,6,0.09370430784939976,6,-2.0079292601197034
2040,A,0.7,2.5,M5: Buffer Storage,0.0913695459008537,5,0.11030336391923991,4,-1.8933818018386215
2040,A,0.7,2.7,M6: User Behavior,0.17640109409482005,2,0.17492378556486532,1,0.14773085299547295
2040,A,0.7,2.8,M7: Pump + Flow Limiter,0.1324362438488377,4,0.10720224656112251,5,2.523399728771519
2040,A,0.7,2.9,M8: Pump + Flow + Hydr. Bal.,0.07345242054234793,7,0.07021918601690841,8,0.32332345254395267
2040,A,0.7,2.10,M9: Hydr. Bal. + Heat Exch.,0.021699006073914874,9,0.02893382450150404,10,-0.7234818427589166
2040,A,0.7,baseline,Baseline (Do Nothing),0.20026904891317934,1,0.14036652256262566,3,5.990252635055368
2040,A,1.0,1.3,M1: Flow Limiter,0.14701165613941655,2,0.14701165613941655,2,0.0
2040,A,1.0,1.5,M2: Heat Exchanger,0.03478866245534188,9,0.03478866245534188,9,0.0
2040,A,1.0,2.1,M3: Hydraulic Balancing,0.09254644442957602,7,0.09254644442957602,7,0.0
2040,A,1.0,2.3,M4: Pump Downsizing,0.09370430784939976,6,0.09370430784939976,6,0.0
2040,A,1.0,2.5,M5: Buffer Storage,0.11030336391923991,4,0.11030336391923991,4,0.0
2040,A,1.0,2.7,M6: User Behavior,0.17492378556486532,1,0.17492378556486532,1,0.0
2040,A,1.0,2.8,M7: Pump + Flow Limiter,0.10720224656112251,5,0.10720224656112251,5,0.0
2040,A,1.0,2.9,M8: Pump + Flow + Hydr. Bal.,0.07021918601690842,8,0.07021918601690841,8,1.3877787807814457e-15
2040,A,1.0,2.10,M9: Hydr. Bal. + Heat Exch.,0.028933824501504037,10,0.02893382450150404,10,-3.469446951953614e-16
2040,A,1.0,baseline,Baseline (Do Nothing),0.14036652256262566,3,0.14036652256262566,3,0.0
2040,B,0.3,1.3,M1: Flow Limiter,0.1593204455779953,3,0.14701165613941655,2,1.2308789438578742
2040,B,0.3,1.5,M2: Heat Exchanger,0.04054840118446353,8,0.03478866245534188,9,0.5759738729121653
2040,B,0.3,2.1,M3: Hydraulic Balancing,0.11096948491012641,4,0.09254644442957602,7,1.8423040480550392
2040,B,0.3,2.3,M4: Pump Downsizing,0.03946559352053634,9,0.09370430784939976,6,-5.423871432886342
2040,B,0.3,2.5,M5: Buffer Storage,0.05158223362426634,7,0.11030336391923991,4,-5.872113029497357
2040,B,0.3,2.7,M6: User Behavior,0.23491462920228934,1,0.17492378556486532,1,5.999084363742401
2040,B,0.3,2.8,M7: Pump + Flow Limiter,0.069371167540411,5,0.10720224656112251,5,-3.7831079020711504
2040,B,0.3,2.9,M8: Pump + Flow + Hydr. Bal.,0.05488571543060444,6,0.07021918601690841,8,-1.5333470586303966
2040,B,0.3,2.10,M9: Hydr. Bal. + Heat Exch.,0.023696317426627443,10,0.02893382450150404,10,-0.5237507074876597
2040,B,0.3,baseline,Baseline (Do Nothing),0.21524601158267986,2,0.14036652256262566,3,7.48794890200542
2040,B,0.5,1.3,M1: Flow Limiter,0.14620139775512686,3,0.14701165613941655,2,-0.08102583842896915
2040,B,0.5,1.5,M2: Heat Exchanger,0.03788875142391595,9,0.03478866245534188,9,0.3100088968574069
2040,B,0.5,2.1,M3: Hydraulic Balancing,0.10305484323226846,4,0.09254644442957602,7,1.0508398802692442
2040,B,0.5,2.3,M4: Pump Downsizing,0.06072377643690334,8,0.09370430784939976,6,-3.298053141249642
2040,B,0.5,2.5,M5: Buffer Storage,0.08197193527102495,6,0.11030336391923991,4,-2.833142864821496
2040,B,0.5,2.7,M6: User Behavior,0.20486456783466628,1,0.17492378556486532,1,2.994078226980096
2040,B,0.5,2.8,M7: Pump + Flow Limiter,0.08215374485863604,5,0.10720224656112251,5,-2.5048501702486474
2040,B,0.5,2.9,M8: Pump + Flow + Hydr. Bal.,0.06274167891578697,7,0.07021918601690841,8,-0.7477507101121439
2040,B,0.5,2.10,M9: Hydr. Bal. + Heat Exch.,0.026671436730725317,10,0.02893382450150404,10,-0.22623877707787232
2040,B,0.5,baseline,Baseline (Do Nothing),0.19372786754094581,2,0.14036652256262566,3,5.336134497832015
2040,B,0.7,1.3,M1: Flow Limiter,0.14339027108381555,3,0.14701165613941655,2,-0.3621385055601001
2040,B,0.7,1.5,M2: Heat Exchanger,0.036374255511051966,9,0.03478866245534188,9,0.15855930557100856
2040,B,0.7,2.1,M3: Hydraulic Balancing,0.09793254934006271,5,0.09254644442957602,7,0.5386104910486689
2040,B,0.7,2.3,M4: Pump Downsizing,0.07574157173784542,7,0.09370430784939976,6,-1.7962736111554343
2040,B,0.7,2.5,M5: Buffer Storage,0.09802011819082572,4,0.11030336391923991,4,-1.228324572841419
2040,B,0.7,2.7,M6: User Behavior,0.18899950828700296,1,0.17492378556486532,1,1.407572272213764
2040,B,0.7,2.8,M7: Pump + Flow Limiter,0.09278684126594086,6,0.10720224656112251,5,-1.441540529518165
2040,B,0.7,2.9,M8: Pump + Flow + Hydr. Bal.,0.06712879514105066,8,0.07021918601690841,8,-0.3090390875857746
2040,B,0.7,2.10,M9: Hydr. Bal. + Heat Exch.,0.028096150504795414,10,0.02893382450150404,10,-0.0837673996708626
2040,B,0.7,baseline,Baseline (Do Nothing),0.17152993893760884,2,0.14036652256262566,3,3.1163416374983184
2040,B,1.0,1.3,M1: Flow Limiter,0.14701165613941655,2,0.14701165613941655,2,0.0
2040,B,1.0,1.5,M2: Heat Exchanger,0.03478866245534188,9,0.03478866245534188,9,0.0
2040,B,1.0,2.1,M3: Hydraulic Balancing,0.092546444429576,7,0.09254644442957602,7,-1.3877787807814457e-15
2040,B,1.0,2.3,M4: Pump Downsizing,0.09370430784939977,6,0.09370430784939976,6,1.3877787807814457e-15
2040,B,1.0,2.5,M5: Buffer Storage,0.11030336391923991,4,0.11030336391923991,4,0.0
2040,B,1.0,2.7,M6: User Behavior,0.1749237855648653,1,0.17492378556486532,1,-2.7755575615628914e-15
2040,B,1.0,2.8,M7: Pump + Flow Limiter,0.10720224656112251,5,0.10720224656112251,5,0.0
2040,B,1.0,2.9,M8: Pump + Flow + Hydr. Bal.,0.07021918601690842,8,0.07021918601690841,8,1.3877787807814457e-15
2040,B,1.0,2.10,M9: Hydr. Bal. + Heat Exch.,0.028933824501504044,10,0.02893382450150404,10,3.469446951953614e-16
2040,B,1.0,baseline,Baseline (Do Nothing),0.14036652256262566,3,0.14036652256262566,3,0.0
