building_class,total_buildings_invert,share_M1: Flow Limiter,share_M2: Heat Exchanger,share_M3: Hydraulic Balancing,share_M4: Pump Downsizing,share_M5: Buffer Storage,share_M6: User Behavior,share_M7: Pump + Flow Limiter,share_M8: Pump + Flow + Hydr. Bal.,share_M9: Hydr. Bal. + Heat Exch.,share_Baseline (Do Nothing)
1919_TOP 12,46.890926361083984,0.146249411505441,0.03985643074770621,0.11906445024637496,0.08756180620341834,0.08271830736543746,0.13147140826688905,0.1213475485947332,0.12201431736792132,0.0499562633165181,0.09976005638556038
1919_TOP 24,46.890594124794006,0.14058936876796255,0.06219014136709593,0.11024409530068528,0.08734594336380083,0.08656326076378089,0.13174025262437591,0.11197642850220292,0.10944894756903017,0.060042114480371,0.09985944726069453
1919_TOP 6,46.904881715774536,0.1378742608766784,0.03237717933297386,0.10416947965601026,0.0884210432434487,0.0869780298599841,0.14252965221909192,0.13435729814244377,0.1269343103015251,0.04036030673151693,0.1059984396363271
1960_TOP 24,48.25556856393814,0.14299761306073341,0.056106697992269916,0.10492878576865965,0.09071646631186411,0.09857465609119063,0.1479559710624489,0.10138209735416644,0.08925901066232753,0.05607322944547604,0.11200547225086342
1960_TOP 6,48.26009929180146,0.14895626175361723,0.04012631768637155,0.12181510669056854,0.08713186908191053,0.09465463315749624,0.15129743692989098,0.10713348960321523,0.09925575154600047,0.038350711954364375,0.11127842159656494
1960_TOP12,48.25559651851654,0.1316778295266936,0.047363993065227,0.09561659480951464,0.09416948308993398,0.1009579525324224,0.1563260881161959,0.10969546418002372,0.09634487275039275,0.04878255962997402,0.11906516229962198
2001_TOP 12,50.00000257790089,0.1535143456726746,0.02195962730872297,0.08688464827713756,0.09915210083317724,0.12262748844569774,0.1952030040672313,0.09619113903013148,0.04632546395378735,0.01607339771923903,0.16206878469220087
2001_TOP 24,50.000002443790436,0.14000992196466036,0.04115723910993459,0.09124986918442016,0.10216309484870761,0.116871659208836,0.17545619229246737,0.10024803131436809,0.059232305295664395,0.028570078706584078,0.1450416080743575
2001_TOP 6,49.999997764825814,0.15915360578821694,0.015734618892368834,0.10560550705418768,0.0858554782309316,0.12220983300564768,0.20201279830435095,0.08970008817348381,0.05074308841780599,0.0100728781417702,0.15891210399123626
OVERALL (stock-weighted),435.4576693624258,0.14466211325231343,0.039443094991802964,0.10421622680493123,0.09147672590313277,0.10173087250455182,0.1599376332069911,0.10771577486485591,0.0881116377836035,0.03834472680053149,0.12436119388728588
