,name,BC_last_action,number_of_buildings,uedh_sh_norm,uedh_sh_effective,ued_dhw,hwb,hwb_norm,fed_sh_per_bssh
0,DERISC_BCAT_5_CP_19191919.0_basecase,b'maintenance',9.977690696716309,94870.5859375,80798.8046875,13202.521484375,111.68910217285156,131.14068603515625,78091.3671875
1,DERISC_BCAT_5_CP_19191919.0_basecase,b'no action',20.545026779174805,94939.1171875,80854.0390625,13202.5244140625,111.76544952392578,131.23541259765625,83157.4609375
2,DERISC_BCAT_5_CP_19191919.0_basecase,b'renovation 1',3.48960018157959,13445.3564453125,14983.1806640625,13202.5244140625,20.711421966552734,18.585668563842773,11773.1513671875
3,DERISC_BCAT_5_CP_19191919.0_basecase,b'renovation 2',5.558696269989014,53399.90234375,51058.109375,13202.525390625,70.57820892333984,73.8152847290039,38204.125
4,DERISC_BCAT_5_CP_19191919.0_basecase,b'renovation stand',2.983212947845459,23103.3046875,25360.462890625,13202.5234375,35.056060791015625,31.935956954956055,18670.421875
5,DERISC_BCAT_5_CP_19601960.0_basecase,b'maintenance',13.66238021850586,87646.6875,76141.03125,13202.5244140625,105.2506103515625,121.15501403808594,66498.25
6,DERISC_BCAT_5_CP_19601960.0_basecase,b'no action',23.664623260498047,87646.6875,76141.03125,13202.5234375,105.25061798095703,121.15499877929688,68038.65625
7,DERISC_BCAT_5_CP_19601960.0_basecase,b'renovation 1',2.6547329425811768,13362.2578125,14895.826171875,13202.525390625,20.59067153930664,18.470800399780273,12635.9384765625
8,DERISC_BCAT_5_CP_19601960.0_basecase,b'renovation 2',3.417834997177124,44783.8984375,44248.33203125,13202.5234375,61.16497039794922,61.90528869628906,39420.23046875
9,DERISC_BCAT_5_CP_19601960.0_basecase,b'renovation stand',1.670054316520691,23180.40625,25425.0859375,13202.5244140625,35.1453857421875,32.04254150390625,20912.1328125
10,DERISC_BCAT_5_CP_20012001.0_basecase,b'maintenance',8.704273223876953,35091.7578125,36209.21484375,13202.5234375,50.05241012573242,48.50773620605469,29450.00390625
11,DERISC_BCAT_5_CP_20012001.0_basecase,b'no action',36.47738265991211,35091.7578125,36209.21875,13202.5244140625,50.05241394042969,48.50773620605469,34266.5625
12,DERISC_BCAT_5_CP_20012001.0_basecase,b'renovation 1',1.7194840908050537,12152.7060546875,13621.0869140625,13202.5234375,18.828582763671875,16.798824310302734,11249.0703125
13,DERISC_BCAT_5_CP_20012001.0_basecase,b'renovation 2',1.8340259790420532,26259.990234375,28476.060546875,13202.5244140625,39.36278533935547,36.29948425292969,26342.326171875
14,DERISC_BCAT_5_CP_20012001.0_basecase,b'renovation stand',1.1763519048690796,22478.640625,24744.21484375,13202.525390625,34.20420837402344,31.07248306274414,22055.53515625
15,DERISC_BCAT_6_CP_19191919.0_basecase,b'maintenance',8.756226539611816,136462.953125,119822.890625,22004.205078125,99.37953186035156,113.18058013916016,121920.765625
16,DERISC_BCAT_6_CP_19191919.0_basecase,b'no action',22.811962127685547,136462.96875,119822.8984375,22004.205078125,99.3795394897461,113.18058776855469,120445.109375
17,DERISC_BCAT_6_CP_19191919.0_basecase,b'renovation 1',3.398287057876587,19774.33203125,22121.763671875,22004.203125,18.347501754760742,16.40057373046875,18214.654296875
18,DERISC_BCAT_6_CP_19191919.0_basecase,b'renovation 2',4.701411247253418,83176.171875,80532.9765625,22004.205078125,66.79299926757812,68.98522186279297,78118.734375
19,DERISC_BCAT_6_CP_19191919.0_basecase,b'renovation stand',2.7951860427856445,34331.76171875,37964.1875,22004.203125,31.486997604370117,28.474313735961914,33155.95703125
20,DERISC_BCAT_6_CP_19601960.0_basecase,b'maintenance',12.88991641998291,131327.421875,116529.171875,22004.205078125,96.64775848388672,108.9212417602539,110566.9296875
21,DERISC_BCAT_6_CP_19601960.0_basecase,b'no action',24.50446128845215,131327.421875,116529.171875,22004.20703125,96.64775848388672,108.9212417602539,105324.0390625
22,DERISC_BCAT_6_CP_19601960.0_basecase,b'renovation 1',2.693650960922241,20105.48828125,22471.36328125,22004.208984375,18.637454986572266,16.675228118896484,18779.1328125
23,DERISC_BCAT_6_CP_19601960.0_basecase,b'renovation 2',3.33864164352417,69246.875,69347.0859375,22004.205078125,57.51555633544922,57.43244934082031,65883.0
24,DERISC_BCAT_6_CP_19601960.0_basecase,b'renovation stand',1.6190028190612793,34709.99609375,38330.84375,22004.205078125,31.791099548339844,28.78801727294922,32092.935546875
25,DERISC_BCAT_6_CP_20012001.0_basecase,b'maintenance',8.062352180480957,51544.54296875,54384.05078125,22004.205078125,45.10541534423828,42.75035858154297,48624.140625
26,DERISC_BCAT_6_CP_20012001.0_basecase,b'no action',37.308109283447266,51544.5390625,54384.046875,22004.203125,45.105411529541016,42.750362396240234,48227.32421875
27,DERISC_BCAT_6_CP_20012001.0_basecase,b'renovation 1',1.8554399013519287,19264.7734375,21583.748046875,22004.205078125,17.901277542114258,15.977950096130371,17721.482421875
28,DERISC_BCAT_6_CP_20012001.0_basecase,b'renovation 2',1.685886025428772,39553.55859375,43343.5,22004.205078125,35.94853210449219,32.805198669433594,39721.86328125
29,DERISC_BCAT_6_CP_20012001.0_basecase,b'renovation stand',1.0029540061950684,33827.34375,37430.9140625,22004.205078125,31.044710159301758,28.055953979492188,33432.46875
30,DERISC_BCAT_7_CP_19191919.0_basecase,b'maintenance',9.522661209106445,272888.75,244920.734375,44008.4140625,101.56703186035156,113.16516876220703,239758.15625
31,DERISC_BCAT_7_CP_19191919.0_basecase,b'no action',21.233057022094727,272888.65625,244920.765625,44008.41015625,101.56702423095703,113.1651382446289,242657.96875
32,DERISC_BCAT_7_CP_19191919.0_basecase,b'renovation 1',3.532336950302124,39306.94921875,44006.71484375,44008.41015625,18.249296188354492,16.30033302307129,35105.05859375
33,DERISC_BCAT_7_CP_19191919.0_basecase,b'renovation 2',5.210633277893066,166666.625,164350.40625,44008.40625,68.15503692626953,69.11554718017578,139216.734375
34,DERISC_BCAT_7_CP_19191919.0_basecase,b'renovation stand',2.981722354888916,68472.90625,75867.3671875,44008.4140625,31.461694717407227,28.395263671875,54982.54296875
35,DERISC_BCAT_7_CP_19601960.0_basecase,b'maintenance',13.880502700805664,262256.09375,237742.71875,44008.41015625,98.59033966064453,108.75586700439453,230823.109375
36,DERISC_BCAT_7_CP_19601960.0_basecase,b'no action',23.16460609436035,262256.09375,237742.71875,44008.41015625,98.59033966064453,108.75586700439453,223805.0
37,DERISC_BCAT_7_CP_19601960.0_basecase,b'renovation 1',2.732757329940796,40097.36328125,44842.4375,44008.4140625,18.595863342285156,16.628114700317383,36930.99609375
38,DERISC_BCAT_7_CP_19601960.0_basecase,b'renovation 2',3.5759236812591553,138670.796875,141286.953125,44008.41015625,58.59077453613281,57.5058708190918,133510.515625
39,DERISC_BCAT_7_CP_19601960.0_basecase,b'renovation stand',1.7113678455352783,69356.828125,76748.1875,44008.40625,31.826967239379883,28.76181983947754,63114.2421875
40,DERISC_BCAT_7_CP_20012001.0_basecase,b'maintenance',9.29294490814209,102884.03125,110355.1875,44008.41015625,45.76356887817383,42.66532516479492,79588.9140625
41,DERISC_BCAT_7_CP_20012001.0_basecase,b'no action',35.60602569580078,102884.0234375,110355.1796875,44008.4140625,45.763572692871094,42.66533279418945,101408.7578125
42,DERISC_BCAT_7_CP_20012001.0_basecase,b'renovation 1',1.9016790390014648,38095.66015625,42725.9140625,44008.40625,17.718154907226562,15.798019409179688,34314.203125
43,DERISC_BCAT_7_CP_20012001.0_basecase,b'renovation 2',1.9608330726623535,78603.25,86652.109375,44008.40625,35.934059143066406,32.59625244140625,67924.4921875
44,DERISC_BCAT_7_CP_20012001.0_basecase,b'renovation stand',1.1532540321350098,67046.2421875,74369.9140625,44008.41015625,30.840717315673828,27.80363655090332,61018.1171875
