year,slope,measure_id,measure,stock_weighted_share,avg_weighted_cost
2030,0.0002,1.3,M1: Flow Limiter,0.22432965675303826,10710.613068319366
2030,0.0002,1.5,M2: Heat Exchanger,0.06206080802261263,13723.246810313483
2030,0.0002,2.1,M3: Hydraulic Balancing,0.15399065746901275,11533.230663983772
2030,0.0002,2.8,M7: Pump + Flow Limiter,0.1750475791449493,11103.91793765837
2030,0.0002,2.9,M8: Pump + Flow + Hydr. Bal.,0.1242625392787802,11966.876644597402
2030,0.0002,2.10,M9: Hydr. Bal. + Heat Exch.,0.054174657777040815,14134.632500096266
2030,0.0002,baseline,Baseline (Do Nothing),0.20613410155456607,11155.088326875682
2030,0.0004,1.3,M1: Flow Limiter,0.22448155372181747,10678.754428074328
2030,0.0004,1.5,M2: Heat Exchanger,0.06194942743433387,13708.490111864947
2030,0.0004,2.1,M3: Hydraulic Balancing,0.15563382407608556,11486.242090120177
2030,0.0004,2.8,M7: Pump + Flow Limiter,0.17325505221402074,11115.077941231642
2030,0.0004,2.9,M8: Pump + Flow + Hydr. Bal.,0.125676336378118,11911.799444784258
2030,0.0004,2.10,M9: Hydr. Bal. + Heat Exch.,0.05532220597586796,14052.184147379407
2030,0.0004,baseline,Baseline (Do Nothing),0.20368160019975645,11179.92084414146
2030,0.0006,1.3,M1: Flow Limiter,0.22462026155363551,10646.89578782929
2030,0.0006,1.5,M2: Heat Exchanger,0.06182710021306575,13693.73341341641
2030,0.0006,2.1,M3: Hydraulic Balancing,0.15727532545569756,11439.253516256584
2030,0.0006,2.8,M7: Pump + Flow Limiter,0.17145908758660305,11126.237944804912
2030,0.0006,2.9,M8: Pump + Flow + Hydr. Bal.,0.12709195261957687,11856.722244971115
2030,0.0006,2.10,M9: Hydr. Bal. + Heat Exch.,0.056486391196573324,13969.735794662549
2030,0.0006,baseline,Baseline (Do Nothing),0.201239881374848,11204.753361407236
2030,0.0008,1.3,M1: Flow Limiter,0.2247458207467889,10615.03714758425
2030,0.0008,1.5,M2: Heat Exchanger,0.06169379660065239,13678.976714967874
2030,0.0008,2.1,M3: Hydraulic Balancing,0.15891495309872136,11392.26494239299
2030,0.0008,2.8,M7: Pump + Flow Limiter,0.16965974840306794,11137.397948378182
2030,0.0008,2.9,M8: Pump + Flow + Hydr. Bal.,0.1285092805311129,11801.645045157973
2030,0.0008,2.10,M9: Hydr. Bal. + Heat Exch.,0.0576673863760307,13887.28744194569
2030,0.0008,baseline,Baseline (Do Nothing),0.19880901424362585,11229.585878673017
2030,0.001,1.3,M1: Flow Limiter,0.22485824353607017,10583.178507339213
2030,0.001,1.5,M2: Heat Exchanger,0.06154949590391237,13664.220016519335
2030,0.001,2.1,M3: Hydraulic Balancing,0.1605525013384184,11345.276368529398
2030,0.001,2.8,M7: Pump + Flow Limiter,0.16785710759204708,11148.557951951452
2030,0.001,2.9,M8: Pump + Flow + Hydr. Bal.,0.1299282268680434,11746.567845344829
2030,0.001,2.10,M9: Hydr. Bal. + Heat Exch.,0.058865374381059446,13804.83908922883
2030,0.001,baseline,Baseline (Do Nothing),0.1963890503804492,11254.418395938794
2040,0.0002,1.3,M1: Flow Limiter,0.23826961149301235,9616.70503649686
2040,0.0002,1.5,M2: Heat Exchanger,0.0556883057569076,12630.267477454925
2040,0.0002,2.1,M3: Hydraulic Balancing,0.15042896039760567,10463.173039696487
2040,0.0002,2.8,M7: Pump + Flow Limiter,0.16955291932415154,10081.102013308227
2040,0.0002,2.9,M8: Pump + Flow + Hydr. Bal.,0.11222638093236637,11001.531475083253
2040,0.0002,2.10,M9: Hydr. Bal. + Heat Exch.,0.04685160728797606,13113.931891175547
2040,0.0002,baseline,Baseline (Do Nothing),0.22698221480798036,9975.274496714055
2040,0.0004,1.3,M1: Flow Limiter,0.23837516014426882,9590.032658940294
2040,0.0004,1.5,M2: Heat Exchanger,0.055607157800933255,12618.006968628637
2040,0.0004,2.1,M3: Hydraulic Balancing,0.15216061479210005,10420.98727394788
2040,0.0004,2.8,M7: Pump + Flow Limiter,0.16789719784599566,10091.969248520618
2040,0.0004,2.9,M8: Pump + Flow + Hydr. Bal.,0.11355734061419828,10952.65754802795
2040,0.0004,2.10,M9: Hydr. Bal. + Heat Exch.,0.04786029647816209,13040.693265003189
2040,0.0004,baseline,Baseline (Do Nothing),0.22454223232434184,9997.557231220286
2040,0.0006,1.3,M1: Flow Limiter,0.23846653601142725,9563.36028138373
2040,0.0006,1.5,M2: Heat Exchanger,0.05551626628051287,12605.746459802353
2040,0.0006,2.1,M3: Hydraulic Balancing,0.15389314338498447,10378.801508199269
2040,0.0006,2.8,M7: Pump + Flow Limiter,0.16623801591268528,10102.83648373301
2040,0.0006,2.9,M8: Pump + Flow + Hydr. Bal.,0.11489051673927962,10903.783620972643
2040,0.0006,2.10,M9: Hydr. Bal. + Heat Exch.,0.04888375784842947,12967.454638830828
2040,0.0006,baseline,Baseline (Do Nothing),0.22211176382268105,10019.839965726516
2040,0.0008,1.3,M1: Flow Limiter,0.23854379312182286,9536.687903827165
2040,0.0008,1.5,M2: Heat Exchanger,0.055415601611264576,12593.485950976064
2040,0.0008,2.1,M3: Hydraulic Balancing,0.15562635689404342,10336.615742450658
2040,0.0008,2.8,M7: Pump + Flow Limiter,0.1645754460591967,10113.703718945404
2040,0.0008,2.9,M8: Pump + Flow + Hydr. Bal.,0.11622579776569582,10854.909693917338
2040,0.0008,2.10,M9: Hydr. Bal. + Heat Exch.,0.049922131317714745,12894.216012658468
2040,0.0008,baseline,Baseline (Do Nothing),0.21969087323026193,10042.122700232743
2040,0.001,1.3,M1: Flow Limiter,0.2386069601684519,9510.015526270598
2040,0.001,1.5,M2: Heat Exchanger,0.05530514303307106,12581.225442149776
2040,0.001,2.1,M3: Hydraulic Balancing,0.15736006969709965,10294.42997670205
2040,0.001,2.8,M7: Pump + Flow Limiter,0.16290956841956708,10124.570954157794
2040,0.001,2.9,M8: Pump + Flow + Hydr. Bal.,0.11756308440195871,10806.035766862033
2040,0.001,2.10,M9: Hydr. Bal. + Heat Exch.,0.050975565892632704,12820.977386486109
2040,0.001,baseline,Baseline (Do Nothing),0.2172796083872189,10064.405434738977
