year,rate,measure_id,measure,stock_weighted_share,avg_weighted_cost
2030,0.05,1.3,M1: Flow Limiter,0.22483056889496267,10473.213272314282
2030,0.05,1.5,M2: Heat Exchanger,0.0605628475048082,13623.487512348353
2030,0.05,2.1,M3: Hydraulic Balancing,0.16085801739768285,11232.835504737688
2030,0.05,2.8,M7: Pump + Flow Limiter,0.1658562463376032,11146.468732513427
2030,0.05,2.9,M8: Pump + Flow + Hydr. Bal.,0.13363024227394013,11614.715759869607
2030,0.05,2.10,M9: Hydr. Bal. + Heat Exch.,0.05817044408524543,13762.518675873775
2030,0.05,baseline,Baseline (Do Nothing),0.19609163350575765,11189.455171910091
2030,0.1,1.3,M1: Flow Limiter,0.22547434541681866,10203.95483606416
2030,0.1,1.5,M2: Heat Exchanger,0.05874051709072773,13508.971515934682
2030,0.1,2.1,M3: Hydraulic Balancing,0.169390354803345,10885.451771628012
2030,0.1,2.8,M7: Pump + Flow Limiter,0.15460225900779084,11200.179530941752
2030,0.1,2.9,M8: Pump + Flow + Hydr. Bal.,0.1447994826374653,11207.477675328675
2030,0.1,2.10,M9: Hydr. Bal. + Heat Exch.,0.0634208284069566,13307.95649893442
2030,0.1,baseline,Baseline (Do Nothing),0.183572212636896,11248.65453421028
2030,0.15,1.3,M1: Flow Limiter,0.22613030616691954,9934.696399814036
2030,0.15,1.5,M2: Heat Exchanger,0.05669274362302486,13394.455519521014
2030,0.15,2.1,M3: Hydraulic Balancing,0.17793512091127542,10538.068038518333
2030,0.15,2.8,M7: Pump + Flow Limiter,0.14310136944492585,11253.890329370077
2030,0.15,2.9,M8: Pump + Flow + Hydr. Bal.,0.15635726083867393,10800.239590787738
2030,0.15,2.10,M9: Hydr. Bal. + Heat Exch.,0.06874764049937195,12853.39432199507
2030,0.15,baseline,Baseline (Do Nothing),0.1710355585158085,11307.853896510469
2030,0.2,1.3,M1: Flow Limiter,0.22681783591564122,9665.437963563912
2030,0.2,1.5,M2: Heat Exchanger,0.05442865645807939,13279.939523107347
2030,0.2,2.1,M3: Hydraulic Balancing,0.18648062853658304,10190.684305408657
2030,0.2,2.8,M7: Pump + Flow Limiter,0.13139127112338075,11307.601127798402
2030,0.2,2.9,M8: Pump + Flow + Hydr. Bal.,0.1683012077918097,10393.001506246805
2030,0.2,2.10,M9: Hydr. Bal. + Heat Exch.,0.07408975306662727,12398.832145055718
2030,0.2,baseline,Baseline (Do Nothing),0.15849064710787858,11367.053258810658
2040,0.05,1.3,M1: Flow Limiter,0.2377946529481085,9416.418598135124
2040,0.05,1.5,M2: Heat Exchanger,0.0543224147739116,12550.926983363504
2040,0.05,2.1,M3: Hydraulic Balancing,0.15783286958961548,10193.019105647816
2040,0.05,2.8,M7: Pump + Flow Limiter,0.1614948379091125,10117.024326747507
2040,0.05,2.9,M8: Pump + Flow + Hydr. Bal.,0.12080342522822539,10687.618235862446
2040,0.05,2.10,M9: Hydr. Bal. + Heat Exch.,0.05047506215171683,12777.24554360014
2040,0.05,baseline,Baseline (Do Nothing),0.21727673739930964,10004.350881408078
2040,0.1,1.3,M1: Flow Limiter,0.2373721504276457,9189.45978221682
2040,0.1,1.5,M2: Heat Exchanger,0.05269143427019759,12459.325980445796
2040,0.1,2.1,M3: Hydraulic Balancing,0.16708609579989556,9880.67940585054
2040,0.1,2.8,M7: Pump + Flow Limiter,0.1514729392026754,10163.813875399179
2040,0.1,2.9,M8: Pump + Flow + Hydr. Bal.,0.1310762856673777,10324.831069586333
2040,0.1,2.10,M9: Hydr. Bal. + Heat Exch.,0.05523003094826235,12367.320569852376
2040,0.1,baseline,Baseline (Do Nothing),0.20507106368394562,10055.710000608331
2040,0.15,1.3,M1: Flow Limiter,0.23691898552486956,8962.500966298516
2040,0.15,1.5,M2: Heat Exchanger,0.050863488043002426,12367.724977528087
2040,0.15,2.1,M3: Hydraulic Balancing,0.17645293720493307,9568.339706053264
2040,0.15,2.8,M7: Pump + Flow Limiter,0.14116726419316583,10210.603424050852
2040,0.15,2.9,M8: Pump + Flow + Hydr. Bal.,0.14170718989468556,9962.04390331022
2040,0.15,2.10,M9: Hydr. Bal. + Heat Exch.,0.060080356682538756,11957.395596104609
2040,0.15,baseline,Baseline (Do Nothing),0.1928097784568048,10107.069119808584
2040,0.2,1.3,M1: Flow Limiter,0.23645711600566152,8735.542150380214
2040,0.2,1.5,M2: Heat Exchanger,0.04884544219593462,12276.123974610378
2040,0.2,2.1,M3: Hydraulic Balancing,0.18592953120372985,9256.000006255985
2040,0.2,2.8,M7: Pump + Flow Limiter,0.1306133736860015,10257.392972702524
2040,0.2,2.9,M8: Pump + Flow + Hydr. Bal.,0.1526860815627108,9599.256737034106
2040,0.2,2.10,M9: Hydr. Bal. + Heat Exch.,0.06497182742202853,11547.470622356845
2040,0.2,baseline,Baseline (Do Nothing),0.18049662792393315,10158.428239008837
